Date,Open,High,Low,Close,Volume,Ticker
2018-06-18,246.62988831602883,247.0316201898281,244.3177641876231,245.2640380859375,179745400,SPY
2018-06-25,244.10360334595717,244.48746364669375,239.68466023026681,242.1753387451172,485755300,SPY
2018-07-02,240.59515520659198,246.24601805630326,240.354105194808,245.87109375,229161500,SPY
2018-07-09,246.87986330042742,249.8972387488336,246.83523853080328,249.59371948242188,287912600,SPY
2018-07-16,249.63836808900328,251.01312699867626,248.5403208880527,249.67405700683594,288859800,SPY
2018-07-23,249.46875535263575,253.86088975713744,249.12058407095796,251.22740173339844,328645600,SPY
2018-07-30,251.3078309643169,253.22715988324896,249.20994841612932,253.17359924316406,303528100,SPY
2018-08-06,253.2092128741948,255.32493903110725,252.0665136992587,252.78070068359375,237505100,SPY
2018-08-13,253.05745670564258,254.92322435482293,250.10257766986246,254.47686767578125,348086700,SPY
2018-08-20,254.93216584992453,256.8068693920913,254.47687330931896,256.6640319824219,258765100,SPY
2018-08-27,257.8691898751834,260.44020892811164,257.7085079952384,259.16363525390625,292871700,SPY
2018-09-03,258.7440848616443,259.0743845069988,255.9498871689571,256.7444152832031,269481500,SPY
2018-09-10,257.7620049596125,260.02056830363557,256.1908482268869,259.67242431640625,266666300,SPY
2018-09-17,259.6188708442621,262.40413179249117,258.0209065174264,260.663330078125,385095300,SPY
2018-09-24,261.2603594334424,262.0674327218305,259.52963043462097,260.7043762207031,306860200,SPY
2018-10-01,261.950938863495,262.93737426803864,256.66906918994454,258.1038818359375,391529300,SPY
2018-10-08,257.41336453284003,259.036487964881,242.4465299562704,247.45941162109375,834839200,SPY
2018-10-15,247.1007002122835,252.12253106212353,245.9797570478896,247.7284393310547,605604600,SPY
2018-10-22,248.4010365717531,248.72385510777755,235.20978341145334,237.93589782714844,746211300,SPY
2018-10-29,241.04759283594754,246.813744930539,233.02165667470746,243.81858825683594,668290500,SPY
2018-11-05,244.31183925606885,252.18534399551106,243.33437997069936,249.08258056640625,392858000,SPY
2018-11-12,248.57143730311867,248.81355121990273,239.4424810317284,245.4686737060547,584955500,SPY
2018-11-19,244.85887979757453,245.15482419803524,235.90928467863006,236.07069396972656,357454600,SPY
2018-11-26,238.3394209644955,247.75534365100785,237.94484677686143,247.1903839111328,463664000,SPY
2018-12-03,251.34234972790372,251.44995588903237,235.34425275975917,236.3575897216797,646366600,SPY
2018-12-10,236.1782346239685,241.22696697313125,231.918650634666,233.57765197753906,584550800,SPY
2018-12-17,232.61807381466193,233.73901675648932,215.20310591243816,215.84877014160156,1022399200,SPY
2018-12-24,215.61197324220834,226.7605851721075,210.84946074431875,223.46832275390625,705164500,SPY
2018-12-31,225.1009427255482,228.30301453772492,219.78821461113367,227.65357971191406,557994100,SPY
2019-01-07,227.9241694003394,233.76005384372922,227.02217815732143,233.5977020263672,471340300,SPY
2019-01-14,231.68543800498134,240.81361173980105,231.27955849567405,240.3445587158203,457771900,SPY
2019-01-21,238.86531259912695,240.5610604338859,235.1130259603508,239.73121643066406,357649000,SPY
2019-01-28,237.57541055714344,244.61995770487718,236.13221952560784,243.5916748046875,434018300,SPY
2019-02-04,243.63687767710624,246.64052437800464,241.58033843820138,243.96160888671875,369916300,SPY
2019-02-11,244.61997258997243,250.2213290470124,243.5646309980119,250.18524169921875,385891900,SPY
2019-02-18,249.3825451183755,251.98025673780012,249.26528185425042,251.78184509277344,278060900,SPY
2019-02-25,253.21606228277187,253.7392051968123,250.2845901557712,252.9364471435547,330945200,SPY
2019-03-04,254.00077855208946,254.24430631553687,245.72050427576795,247.560546875,421329900,SPY
2019-03-11,248.2820852025836,254.70425759091097,248.25502656997037,253.73912048339844,374233000,SPY
2019-03-18,255.07421568499657,258.3628702350261,252.92708490217305,252.99050903320312,439286800,SPY
2019-03-25,252.64618821639118,256.2428665725678,251.53187013824976,255.91673278808594,364351100,SPY
2019-04-01,257.92803529425925,261.4884681924776,257.65622942817663,261.4341125488281,293550700,SPY
2019-04-08,261.0083190347838,263.155449991232,259.73997455078876,262.8746032714844,297131000,SPY
2019-04-15,262.94711602148743,264.02521594070816,261.51570433974626,262.747802734375,228726700,SPY
2019-04-22,261.97766013775015,265.89140417447715,261.8870581950108,265.8189392089844,251486900,SPY
2019-04-29,265.9096457241436,267.21423679871043,262.2948286164373,266.3807373046875,331555200,SPY
2019-05-06,262.05018475792656,265.7283977582592,255.75372154989756,261.0083312988281,559396700,SPY
2019-05-13,255.86237290216812,262.0138487446346,253.60650367237153,258.96075439453125,455352700,SPY
2019-05-20,257.3482318987272,259.94834516815655,254.18642515409755,256.1885986328125,313209100,SPY
2019-05-27,256.46938121096616,257.42970097307176,249.3575572895446,249.38473510742188,324388900,SPY
2019-06-03,249.42099148467284,261.6877539921499,247.40974993705302,260.6005859375,388532200,SPY
2019-06-10,262.1588774182719,263.9979837876984,260.75464385337807,262.0592346191406,267806600,SPY
2019-06-17,262.29475538113604,268.44626027858203,261.986730858956,266.3534851074219,403194400,SPY
2019-06-24,267.8583216223478,268.1769290707986,264.3260796450161,266.7385559082031,280902400,SPY
2019-07-01,270.08867879106043,272.0368847478458,267.9493028327258,271.7091369628906,232786300,SPY
2019-07-08,270.3892070357551,273.7757871076917,268.99634099387924,273.70294189453125,236543700,SPY
2019-07-15,274.13988004884243,274.13988004884243,270.10694529951866,270.5348205566406,216657600,SPY
2019-07-22,270.9353870822667,275.1413226869023,270.41649694303743,274.9410400390625,235894000,SPY
2019-07-29,274.82271124655756,274.94106388267767,264.826830963095,266.3926696777344,447617000,SPY
2019-08-05,262.2686018918068,267.30294902897197,256.4695469621696,265.4822082519531,621473300,SPY
2019-08-12,263.9710693884282,267.7855246849944,257.0795845912778,262.9605712890625,478024400,SPY
2019-08-19,266.00114659584887,267.5851823039226,258.0627150833286,259.31903076171875,355520800,SPY
2019-08-26,261.5221738276117,267.8674585441876,259.683235065588,266.2379150390625,319590000,SPY
2019-09-02,264.5264131631399,272.04605603133797,263.34291461866815,271.3359680175781,248831100,SPY
2019-09-09,272.32821843787616,275.3506270917972,269.4423320070233,274.1034240722656,313042000,SPY
2019-09-16,272.9654943974095,275.50543593669425,270.75330069334063,271.5453186035156,339168000,SPY
2019-09-23,272.1316741406354,274.226057890231,268.60142941210967,270.16534423828125,351126500,SPY
2019-09-30,270.6866540405907,272.96393593523146,260.489152510151,269.2050476074219,412814300,SPY
2019-10-07,268.4002317153126,273.22003021779375,263.8456397736645,270.9701843261719,371694700,SPY
2019-10-14,270.6501589405057,274.5919747521413,270.3209253547658,272.5158996582031,246118100,SPY
2019-10-21,273.8418972166463,276.3844131001624,273.0004764324062,275.8356628417969,202654000,SPY
2019-10-28,277.0612950022146,280.033663132869,275.954667297772,279.9879455566406,276271100,SPY
2019-11-04,281.5518534049658,283.19807685524654,279.9147567233305,282.5487365722656,253331600,SPY
2019-11-11,281.1584658257522,285.2008689215666,281.02125734142516,285.1551513671875,249443100,SPY
2019-11-18,284.91746297345543,285.9783730037677,282.6584622861969,284.3961486816406,295953800,SPY
2019-11-25,285.3290445384785,288.5300562081923,285.3290445384785,287.4599914550781,167253500,SPY
2019-12-02,287.71596617482595,288.37446087991236,280.89324875170604,287.9720458984375,288425500,SPY
2019-12-09,287.57888041855097,291.4475415754058,286.088119142516,290.2128601074219,318810900,SPY
2019-12-16,291.9505566642092,294.4656372599,290.14884326650827,293.3315734863281,424433000,SPY
2019-12-23,295.5640824821801,297.59522183400037,294.92992115618404,296.7312927246094,146700000,SPY
2019-12-30,296.81402475624674,298.59702494483815,294.2406088320144,296.3177185058594,243667300,SPY
2020-01-06,294.5531246275282,300.9590521159792,294.43364088196324,299.3506774902344,265948900,SPY
2020-01-13,299.9756297699969,305.297031244174,299.54366523111554,305.0856628417969,331872500,SPY
2020-01-20,304.120743169688,306.0048565079011,300.86722231938097,302.1631164550781,266198700,SPY
2020-01-27,296.88753020975395,302.0343338735468,294.7736779423253,295.6927490234375,391122800,SPY
2020-02-03,297.1816151637155,307.14434149510697,297.06213144537895,305.3153991699219,312106400,SPY
2020-02-10,304.42393339124936,310.75631874447777,304.38716269351545,310.2784118652344,260011300,SPY
2020-02-17,309.2766054253699,311.6385966877794,305.6646349127194,306.4918212890625,293992500,SPY
2020-02-24,296.98876388838977,306.5654727574299,262.43167151767864,272.28411865234375,1244104700,SPY
2020-03-02,274.07629701522995,288.44138867332254,266.74212458707933,273.3869934082031,1130490100,SPY
2020-03-09,253.02035167170996,265.17047701235543,227.6356034421636,247.52432250976562,1562964500,SPY
2020-03-16,221.66153669101462,236.10933390962524,209.56657300869406,210.283447265625,1523388400,SPY
2020-03-23,210.95607952771664,242.95216500105852,201.77602991492097,234.2805938720703,1342924000,SPY
2020-03-30,236.3884091248332,243.44214839111476,225.47959417620487,229.4456024169922,869026800,SPY
2020-04-06,238.36677996753704,259.9625441693819,229.4271028089831,257.1891174316406,733262100,SPY
2020-04-13,256.2091515227914,265.6017976989735,250.91189679439816,264.9916687011719,649240600,SPY
2020-04-20,261.26605104703526,265.1303807226321,251.47585725624833,261.598876953125,509219500,SPY
2020-04-27,263.58654188667197,272.6094349385741,260.2584232845144,261.4325256347656,549993900,SPY
2020-05-04,259.537291547936,270.82515983445404,258.0488992557387,270.3536682128906,385778500,SPY
2020-05-11,268.4122432030681,272.01769241239924,252.3725858476554,264.65887451171875,553230300,SPY
2020-05-18,270.917564955645,275.373544146022,269.90066435961637,273.1270751953125,443006900,SPY
2020-05-25,279.12691552042816,283.6660941732435,273.14555716598494,281.33642578125,403264800,SPY
2020-06-01,280.6892877875761,297.00627710294424,280.17158368899135,295.2220458984375,448912200,SPY
2020-06-08,296.03560600727013,298.9846857096823,276.04844614220104,281.2347412109375,650043700,SPY
2020-06-15,275.51224433531604,291.8015302451191,274.3289165404332,285.3302001953125,573187400,SPY
2020-06-22,285.98213555368284,292.02696348407113,278.02453840273796,278.6094970703125,493363100,SPY
2020-06-29,279.8723699782719,293.14126785785413,277.569571319028,289.9192199707031,334908800,SPY
2020-07-06,293.7633851946654,295.1654953418767,288.4799689265257,294.8962097167969,340167000,SPY
2020-07-13,297.2546980249015,299.95676358151286,289.705633240218,298.7310791015625,401248400,SPY
2020-07-20,298.46182911656575,303.8474001999136,296.4376104179371,297.9511413574219,320898500,SPY
2020-07-27,298.64751585953246,303.29023437654934,296.7997229575694,303.1880798339844,301090700,SPY
2020-08-03,304.8595340880806,310.9507796860284,304.3116965982215,310.6629333496094,238681200,SPY
2020-08-10,311.1178840836065,314.10779626002676,308.2858368217924,312.77069091796875,256734100,SPY
2020-08-17,313.79205019432715,315.44485679391227,311.26641027774616,315.2220153808594,239583500,SPY
2020-08-24,317.6734268761853,325.65890989106765,315.19423059161954,325.5289001464844,244465300,SPY
2020-08-31,325.31531698907577,333.11507902571094,310.9414491618156,318.09124755859375,477715300,SPY
2020-09-07,312.6500586688213,318.15634641305843,307.34808008566773,310.1894226074219,381177300,SPY
2020-09-14,313.3742154714245,318.54621086656186,304.5344893320383,307.0229797363281,398023800,SPY
2020-09-21,303.63734813597875,308.7647824379656,298.13698676084704,306.46209716796875,403925800,SPY
2020-09-28,310.6479245248505,315.7939935609687,308.75543636307634,311.2259216308594,398099500,SPY
2020-10-05,313.29554338063565,323.82077514743236,311.7293521586572,323.3546447753906,297612700,SPY
2020-10-12,325.90898908674984,330.0388968351115,319.8865934041267,323.7648010253906,361231500,SPY
2020-10-19,325.0327927766202,325.6667234301296,317.57470475788074,322.3572082519531,296595700,SPY
2020-10-26,318.9543827057159,319.74681005255377,300.7473309534802,304.4204406738281,495446400,SPY
2020-11-02,307.8325417445432,328.3329485783901,305.07302916496417,326.4404602050781,463334900,SPY
2020-11-09,339.31495654749506,339.69718688056196,326.76673444020093,333.84259033203125,446943600,SPY
2020-11-16,336.5275507646822,338.2056090087356,330.1601928695851,331.26025390625,341601600,SPY
2020-11-23,333.07811849186163,339.510711954968,330.83136667794395,339.0352783203125,199491500,SPY
2020-11-30,338.25217237538055,344.7966613769531,334.8401228954882,344.7966613769531,317663000,SPY
2020-12-07,344.0228106219386,345.9152985803265,338.65300868970854,341.487060546875,280935500,SPY
2020-12-14,343.66856630555634,347.2297802277906,339.78102702810946,344.1719665527344,392163800,SPY
2020-12-21,341.69755661042365,354.32735272069897,338.9450244919011,345.4705810546875,216995000,SPY
2020-12-28,348.0359031129246,350.7697212038506,347.1839260464308,350.0394592285156,220656900,SPY
2021-01-04,351.37824461928926,357.1641682352384,341.55715171314375,356.9488525390625,425078700,SPY
2021-01-11,353.75624582372757,356.8270941384755,349.87087798649776,351.74334716796875,306035100,SPY
2021-01-18,354.21497181493044,360.4034969707346,352.7263623275296,358.4654846191406,213770000,SPY
2021-01-25,359.205115922414,361.24610034759246,344.7870812539234,346.4723205566406,457381600,SPY
2021-02-01,349.88954622227374,363.6990046133721,346.7625265304418,362.9874572753906,288507800,SPY
2021-02-08,364.448075474641,367.84661204525264,362.7909503228191,367.60321044921875,226577300,SPY
2021-02-15,368.83897150177256,369.03560133746015,363.0155912023913,365.1595764160156,246216800,SPY
2021-02-22,362.3789848156272,367.2193305740181,354.1120453484226,356.106201171875,546504300,SPY
2021-03-01,361.00270595843926,365.99285251439966,348.1669372378908,359.1676940917969,640356900,SPY
2021-03-08,360.1319577725735,370.4211655439216,357.0985672064609,368.93255615234375,497580800,SPY
2021-03-15,369.1853681612809,372.7337052080121,362.46321075589213,364.6446533203125,474082600,SPY
2021-03-22,366.35554490708927,372.3482894976798,360.59762555177144,371.94439697265625,492591500,SPY
2021-03-29,370.4603742965603,376.3498109556371,368.9668888818021,376.2934265136719,396786900,SPY
2021-04-05,378.97044372350143,386.6821270027682,378.8953122422507,386.5130310058594,328509800,SPY
2021-04-12,385.9119066337784,392.5433708620649,385.3013665822604,391.9328308105469,317182900,SPY
2021-04-19,390.99352023224503,392.8627204165341,385.66766990345127,391.4443664550781,397935300,SPY
2021-04-26,392.1018833549554,395.1827900511094,391.0310662600669,391.9703674316406,318795700,SPY
2021-05-03,393.9711106332723,397.1553555833953,386.6821525324447,396.4978332519531,371936900,SPY
2021-05-10,396.8546500481704,397.0800731025559,379.4775825312683,391.2939758300781,522147000,SPY
2021-05-17,390.17629803567297,392.81573183580736,380.72690258928094,389.75360107421875,386007400,SPY
2021-05-24,392.00791246261434,395.680583154986,391.76368500697396,394.5440368652344,267144600,SPY
2021-05-31,396.9203999996287,397.2491610574459,391.01218913662746,396.9485778808594,217391300,SPY
2021-06-07,396.9393018668588,398.8554843951746,394.807098402175,398.5549011230469,243716500,SPY
2021-06-14,398.66756690971727,399.6350459153208,389.52818537096067,389.7348327636719,383879100,SPY
2021-06-21,392.78152666652505,402.4785645361461,391.9616657732204,402.0262145996094,283207500,SPY
2021-06-28,402.5539324712144,409.0845776849248,401.347694846926,408.7264709472656,265096700,SPY
2021-07-05,408.78297747801645,410.72426554562935,402.8837072529371,410.4226989746094,306093700,SPY
2021-07-12,410.33791840555335,412.68444930450283,406.0878310715976,406.4836120605469,300932400,SPY
2021-07-19,401.6303999830357,414.92728406769214,397.65358032867766,414.5880432128906,423964700,SPY
2021-07-26,413.9943662970003,416.34086861858316,410.8656773622395,413.240478515625,279975200,SPY
2021-08-02,414.9650511273112,417.41522979527116,410.9693937284393,416.99114990234375,249469100,SPY
2021-08-09,416.9628450630999,420.2423173537772,415.879120576946,420.2234802246094,206975900,SPY
2021-08-16,418.913533892269,421.3448462791727,410.9881647072518,417.8109436035156,420586700,SPY
2021-08-23,419.50724400048955,424.6808684363461,417.8863594514762,424.3039245605469,269312100,SPY
2021-08-30,424.98242973886704,427.88492918118345,424.73740328111586,426.9708251953125,246050500,SPY
2021-09-06,426.622105433635,426.71634858099947,419.64854391322956,419.77105712890625,255772000,SPY
2021-09-13,422.7867363650194,423.05059996661515,415.6058214578529,415.96392822265625,436939600,SPY
2021-09-20,411.1325653765161,420.5959597569829,405.4412803192358,419.6694641113281,499812500,SPY
2021-09-27,418.62958448386576,419.80186288643677,403.9003702814499,410.5275573730469,543882700,SPY
2021-10-04,409.3552322600628,417.5612378439198,403.07780792144536,413.9498291015625,479279600,SPY
2021-10-11,413.2880942541708,421.8911781335693,407.974989093033,421.5224609375,345885500,SPY
2021-10-18,419.7261247992676,429.84184128149343,419.0643381691765,428.37646484375,258932100,SPY
2021-10-25,429.4731483743138,434.46482246353304,427.68637053412976,434.1717529296875,295327900,SPY
2021-11-01,435.1644720508455,444.94929729786503,433.17916944078945,442.945068359375,269089500,SPY
2021-11-08,444.0511111353023,444.5521682797151,436.80939717094134,441.7537841796875,259299200,SPY
2021-11-15,443.0490826084635,445.2234754256238,440.77068153684013,443.2854309082031,251637500,SPY
2021-11-22,445.17623508591424,447.6815213929903,432.7726515852612,433.9071350097656,320496900,SPY
2021-11-29,438.72855585795736,441.0825752998226,424.40585704407397,428.6601257324219,631737000,SPY
2021-12-06,431.22215313112747,445.1855986313529,428.7924859747274,445.0343322753906,405133400,SPY
2021-12-13,444.5143674048234,447.04801389398483,433.04674491369497,434.7579040527344,553968300,SPY
2021-12-20,431.1717839954319,447.9735099803831,428.0030809837832,446.4650573730469,292271000,SPY
2021-12-27,447.85017411146595,454.43425519817566,447.8027499664414,450.6014404296875,279152600,SPY
2022-01-03,451.8726137668791,455.3639044276482,440.820097858227,442.1862487792969,420356300,SPY
2022-01-10,438.97023422757644,448.9317370107819,433.18306967731536,440.8866271972656,448334500,SPY
2022-01-17,436.1620461433064,436.3707645158956,415.48957560843115,415.5180358886719,543717600,SPY
2022-01-24,409.8731325416895,421.2672031812325,399.18113033398197,419.2843933105469,920508000,SPY
2022-01-31,418.61080099559024,434.62510731685154,417.2541461304937,425.688232421875,629246600,SPY
2022-02-07,426.45664119068323,434.39737649559737,416.42872251719797,417.8707580566406,551393100,SPY
2022-02-14,417.358453388782,425.08097358283715,409.67386092511515,411.96026611328125,531254600,SPY
2022-02-21,409.74032107307903,415.38515500099464,389.5801378609469,415.2997741699219,592717200,SPY
2022-02-28,409.87311700290667,418.48743177094264,405.2054290066576,410.0059509277344,620607300,SPY
2022-03-07,409.4177127043559,410.1292485477437,393.83034111046595,398.5264892578125,609269100,SPY
2022-03-14,399.30446508570736,422.0451241572374,394.46601528119214,421.7225646972656,555925500,SPY
2022-03-21,422.86144808216756,431.0838208953301,419.37836201901536,430.8078308105469,384264500,SPY
2022-03-28,430.20825857830914,439.73440310089154,427.4294222078251,431.0267028808594,445526900,SPY
2022-04-04,431.22650941967055,435.6993023851318,422.03345308858525,425.9352722167969,398083400,SPY
2022-04-11,422.64250165285597,424.20324092156267,415.54311286431687,416.6280212402344,346074000,SPY
2022-04-18,415.6953392855878,428.2572851742913,404.87495054830686,405.4459533691406,426937000,SPY
2022-04-25,403.1905301990128,408.87195177990225,391.33280435997716,392.0846252441406,596614200,SPY
2022-05-02,392.1512665054383,408.89099329730476,385.4420337046336,391.45654296875,727288500,SPY
2022-05-09,385.51816542349815,386.7648399430964,366.5325026480062,382.3015441894531,659709500,SPY
2022-05-16,380.64572670939066,388.8204987196328,362.1454175607058,370.7960205078125,509269500,SPY
2022-05-23,373.84130621990016,395.30129804500666,368.2550558899241,395.1871032714844,426273600,SPY
2022-05-30,393.5597645336961,397.26174324065266,387.2597674440122,390.6952819824219,334006700,SPY
2022-06-06,394.73028625314504,396.4718145950027,370.9101921981159,370.957763671875,400315000,SPY
2022-06-13,361.48878840430444,365.3430075876879,344.66341252258485,348.1750183105469,645270700,SPY
2022-06-20,355.44236950815736,372.8374174037556,353.8079769782946,372.8278503417969,344213700,SPY
2022-06-27,373.754912274247,375.77160789037225,356.08268393074627,364.3787841796875,405582500,SPY
2022-07-04,359.25588240936423,373.36309817992276,356.40766898333567,371.480224609375,288787900,SPY
2022-07-11,368.78486765145806,369.7597452138858,354.6298776212152,368.0967102050781,373575900,SPY
2022-07-18,371.20298465443653,382.48109020201116,363.8244186658873,377.6162109375,350654600,SPY
2022-07-25,378.24702966751033,394.7627800425634,372.70355991438777,393.7687683105469,349890300,SPY
2022-08-01,391.0543742400654,397.29556848305583,388.82743679756936,395.1833190917969,303725000,SPY
2022-08-08,396.88462803317105,408.3156617717107,392.07709234496264,408.2105407714844,288667800,SPY
2022-08-15,405.9835674183573,412.6357665445959,402.59058593247676,403.46990966796875,293940800,SPY
2022-08-22,398.60500945745264,401.3863116303522,387.3269027952147,387.3842468261719,330007900,SPY
2022-08-29,384.4117587098416,387.89075587282355,372.7895601723054,374.8922424316406,405425100,SPY
2022-09-05,375.74286898995604,389.48688298951873,371.24118842559216,388.61712646484375,305130200,SPY
2022-09-12,390.70082898328474,393.5203705906035,365.21035394456595,368.5077819824219,467945700,SPY
2022-09-19,366.85447279268465,373.6203376200574,348.6489853785956,353.1211853027344,469119500,SPY
2022-09-26,351.6432792380012,357.2958905579289,342.65090518565324,342.7852478027344,578341000,SPY
2022-10-03,346.5279920441475,364.16725875140907,344.73336016980056,348.1690979003906,471548000,SPY
2022-10-10,349.2919828429152,355.338103128939,334.0807503175056,343.21710205078125,516508900,SPY
2022-10-17,349.3400152123817,360.3189732621445,342.8812309007713,359.2057189941406,489399500,SPY
2022-10-24,360.74121955031165,373.82189044696423,358.07322859588777,373.342041015625,450644300,SPY
2022-10-31,370.8660050414707,374.65682700045994,353.9273271508763,361.1826477050781,499634600,SPY
2022-11-07,362.4878609180887,383.25575903465506,358.55308959660715,382.4496154785156,466719200,SPY
2022-11-14,380.67413398007784,386.0964264060343,374.41690827437395,380.06951904296875,401025300,SPY
2022-11-21,378.7355737833191,386.6914562795078,376.83535948885054,386.1156311035156,210479200,SPY
2022-11-28,383.0062255505326,393.47654392912,377.44956079059125,390.5110778808594,426499200,SPY
2022-12-05,387.67032705769054,388.6108131013839,375.8564376272984,377.4303283691406,363375500,SPY
2022-12-12,378.2269241967432,393.9467970632662,365.68368167400246,367.82379150390625,544863500,SPY
2022-12-19,369.7056989643209,373.5042786495226,361.3179656768155,369.1658020019531,392450900,SPY
2022-12-26,369.0500963444214,370.5540991565233,362.9087466246424,368.7030029296875,273542800,SPY
2023-01-02,370.57332239036884,375.27816315754086,364.2680625476639,374.150146484375,341944900,SPY
2023-01-09,376.357922224564,384.7745752381383,372.4050831295307,384.19610595703125,362278900,SPY
2023-01-16,384.1769081350052,385.8640933656323,373.3596393651833,381.67022705078125,341074900,SPY
2023-01-23,382.4800290405014,393.5094010221229,379.43345138186885,391.118408203125,369137600,SPY
2023-01-30,388.34181349089215,403.29510421129817,385.91227741044554,397.5490417480469,458864300,SPY
2023-02-06,395.0809229383487,401.5404141273561,390.472498403855,393.39373779296875,376978100,SPY
2023-02-13,394.04940169375124,400.1521796690915,389.5470137714464,392.6418151855469,380547800,SPY
2023-02-20,388.59250275147997,389.65302507420165,379.51064209275347,382.15228271484375,370835000,SPY
2023-02-27,385.516971276744,389.9325921996263,378.24760550003157,389.6819152832031,451837900,SPY
2023-03-06,390.5110127387446,392.82489002001563,370.5251198591634,372.05804443359375,557051400,SPY
2023-03-13,368.10519948684345,382.2389927531931,366.98683333043937,375.9915771484375,764346900,SPY
2023-03-20,378.21048848479705,389.52390115587156,376.85559495356796,383.00103759765625,523360300,SPY
2023-03-27,385.2946706397442,396.50164071247474,381.0073889410463,396.2016296386719,396282600,SPY
2023-04-03,395.67907417769624,398.6501825001407,392.61118140652866,396.00811767578125,262936100,SPY
2023-04-10,393.5112094817343,401.7180403512791,392.8918421802504,399.1727600097656,373375600,SPY
2023-04-17,399.08558849191394,402.32767490242765,396.95647871767505,398.92108154296875,334521500,SPY
2023-04-24,398.71792872198296,402.540693165163,390.7724182353527,402.531005859375,424947300,SPY
2023-05-01,402.0857564409514,404.16648891181904,390.7336243336011,399.3372497558594,440446300,SPY
2023-05-08,399.6662979560237,401.1857279707453,395.6983723048976,398.33074951171875,336048400,SPY
2023-05-15,398.940487384972,407.1666630502249,397.0146039449595,405.1343078613281,400252400,SPY
2023-05-22,405.1536777878435,407.2150357982411,396.6758685727333,406.48919677734375,421134200,SPY
2023-05-29,408.4344650109838,414.9282966772401,402.8116342846772,414.1347351074219,363319000,SPY
2023-06-05,414.4830958268268,418.07357109575076,412.10235220836574,416.0509033203125,362551300,SPY
2023-06-12,417.03802240126595,429.59985572721416,416.3121834820824,425.3028869628906,497085000,SPY
2023-06-19,424.93028726330107,425.82394046110926,420.09280311667067,420.8116149902344,315854400,SPY
2023-06-26,420.2385275905363,431.58424202754236,418.84946091928185,430.59344482421875,394119600,SPY
2023-07-03,430.2437048945903,431.370479770756,424.55140185601573,425.9987487792969,258004300,SPY
2023-07-10,425.6393658241566,438.4421496523937,425.0662550676275,436.42169189453125,361072800,SPY
2023-07-17,436.2760409423504,443.36710530816777,436.22745414061643,439.2387390136719,341107300,SPY
2023-07-24,440.39466092576,446.29094618097463,438.6267417492284,443.84307861328125,352473700,SPY
2023-07-31,444.31906755125766,445.0476027778497,433.4978767564068,434.0224304199219,375670300,SPY
2023-08-07,435.86802053728826,438.77246762190305,430.6614366639976,432.8955993652344,370204800,SPY
2023-08-14,431.9728066707574,435.28518721827425,420.61736923881205,424.0074768066406,398245400,SPY
2023-08-21,425.02742055741317,432.47792018895046,422.55041275410997,427.378173828125,392996600,SPY
2023-08-28,429.5831738518723,440.68607216281333,427.37815145083334,438.27703857421875,338759900,SPY
2023-09-04,437.8301991908337,438.1507416067895,430.078574682753,432.769287109375,257939800,SPY
2023-09-11,435.41149499049163,438.170211477617,430.2437743382514,430.6808776855469,383224500,SPY
2023-09-18,431.8880456080089,433.7596873407536,419.1570739871224,419.5762634277344,409754900,SPY
2023-09-25,418.357752647036,421.3796292432952,411.6510786229462,416.7103271484375,479118300,SPY
2023-10-02,415.8720267081054,420.26841441419174,409.59426922377304,418.7184753417969,458428200,SPY
2023-10-09,416.8078037770799,426.3219259600775,416.25218660967164,420.6290588378906,397730700,SPY
2023-10-16,422.89060856907207,427.1017802428496,410.4715521908134,410.57879638671875,489560600,SPY
2023-10-23,409.03857270499475,414.1173363804385,398.90059027353647,400.33355712890625,487347000,SPY
2023-10-30,403.1410390551776,425.29840509845803,401.8348017034598,423.73870849609375,459402700,SPY
2023-11-06,424.4990310327771,429.8214667358813,422.4811742323123,429.509521484375,366470400,SPY
2023-11-13,428.16434278525367,440.0472384283699,427.374751765382,439.43310546875,376539600,SPY
2023-11-20,439.1796204396611,444.88224505305624,439.1698628539736,443.8294372558594,208313100,SPY
2023-11-27,443.1958205970089,448.0698536614184,441.9188263140326,447.5337219238281,344703100,SPY
2023-12-04,444.12190166822813,449.1421498074846,442.8643927997827,448.60601806640625,361538900,SPY
2023-12-11,448.10886102452525,461.7951544057729,447.8944023765022,457.5059814453125,487187500,SPY
2023-12-18,460.9758723386575,465.7913493461656,457.88299066479703,463.5891418457031,382886000,SPY
2023-12-25,464.00024620813326,467.40630811745626,463.2465827268645,465.2138977050781,322828500,SPY
2024-01-01,462.13082434031844,463.60875989677777,456.5225248654525,457.98089599609375,397560700,SPY
2024-01-08,458.48001823556905,468.4340092581526,458.35277480117213,466.5547790527344,344088200,SPY
2024-01-15,465.16493307352226,472.46646561281955,459.8894086201979,472.1826171875,356549500,SPY
2024-01-22,473.7291407442074,478.73058476596105,472.52525645276205,477.0569152832031,356721800,SPY
2024-01-29,477.3701079097978,485.5133595788127,472.6035267882258,483.8494873046875,437072100,SPY
2024-02-05,483.21329365164945,490.99440919073515,479.8169989840932,490.5539855957031,318555200,SPY
2024-02-12,490.5245845792196,492.80507955061427,480.2965426785425,488.89984130859375,375205200,SPY
2024-02-19,487.14788118128223,499.29428272154865,483.0762405706323,497.0627136230469,268754400,SPY
2024-02-26,497.5030803575107,502.38707715502113,494.0284986053017,501.9564208984375,316517400,SPY
2024-03-04,501.1539981889675,507.21245903462824,494.18520903616985,500.8505554199219,336221900,SPY
2024-03-11,499.6368274982654,506.3902575758423,497.32694108483923,499.0006103515625,408593800,SPY
2024-03-18,504.64510917201875,514.5710910036662,501.81752088699375,511.7239074707031,358570100,SPY
2024-03-25,510.3396048333348,515.0620602218481,508.9651208503596,513.5501098632812,293270500,SPY
2024-04-01,514.2963426873349,514.8363207359736,503.4278088220997,508.9945983886719,367268200,SPY
2024-04-08,509.70147848162884,511.2723344641693,499.81471562897786,501.5525207519531,361763900,SPY
2024-04-15,505.7546176685837,505.9215068828042,484.871713365081,486.1480712890625,418256400,SPY
2024-04-22,488.76944748184394,500.60015465226695,486.4131336349797,499.0096435546875,321951200,SPY
2024-04-29,500.80632516365006,503.2215446139362,490.4581454611035,501.9844970703125,339448700,SPY
2024-05-06,504.3997898913721,513.128006963495,503.9579678715665,511.36077880859375,237750100,SPY
2024-05-13,513.0494094463951,521.8463590850489,510.2807262347363,519.8140258789062,263189600,SPY
2024-05-20,519.9318380138793,523.3681380457549,515.1700720151186,519.80419921875,218093500,SPY
2024-05-27,520.6191558680542,520.854778303106,508.9258831718724,517.7719116210938,218623300,SPY
2024-06-03,519.3917828598555,527.1185429900985,513.0885845919543,524.2909545898438,203111800,SPY
2024-06-10,523.4760523927422,534.2169454679943,522.3666137353188,532.9013671875,220171600,SPY
2024-06-17,532.2141477998802,540.1077980346264,531.7526706504894,534.5999145507812,231882700,SPY
2024-06-24,536.1473325352889,542.00790070753,534.2857296833464,536.0389404296875,233201500,SPY
2024-07-01,537.4277416590223,546.7061172919005,534.3645076192414,546.3023071289062,155010900,SPY
2024-07-08,547.0902491088569,555.1965108923417,545.8590399622701,551.5718383789062,208240000,SPY
2024-07-15,553.5812570318315,556.6641496875714,539.6734620267257,540.7372436523438,255958100,SPY
2024-07-22,544.6869951642946,548.3707637767819,529.3707634720819,536.2556762695312,267223700,SPY
2024-07-29,537.8118653099406,546.5288018829009,520.6536916296925,524.8890991210938,311250600,SPY
2024-08-05,503.9486939370285,526.4748917317265,502.59926345947923,524.9777221679688,410688200,SPY
2024-08-12,526.179414760354,546.6765823277302,522.9684116716148,545.9772338867188,242599600,SPY
2024-08-19,546.3909052441504,554.7138911682617,545.5339884803649,553.6796875,221129600,SPY
2024-08-26,554.713937194818,555.7186231878466,546.6962880716579,555.2064208984375,210963800,SPY
2024-09-02,549.9564913397107,552.3795326432961,531.3307853548916,532.2369384765625,220583100,SPY
2024-09-09,536.4625042544232,554.5662093965458,531.8430048660169,553.5615234375,243219100,SPY
2024-09-16,553.2954951647457,564.2680447930499,551.4831890848257,559.7076416015625,297840600,SPY
2024-09-23,562.5014138435799,567.8069074032624,560.7822631548825,564.6057739257812,219788100,SPY
2024-09-30,563.5684079912039,567.4808643314502,558.4803031743704,566.09765625,258109600,SPY
2024-10-07,564.4377740793974,573.3593384853236,559.823885027902,572.6183471679688,211681700,SPY
2024-10-14,574.2386605036652,579.079828388111,571.5908584977593,577.5682373046875,192956700,SPY
2024-10-21,576.8370180357392,577.8250064611166,573.4087271446533,576.3134155273438,70622800,SPY
2018-06-18,168.28652475880827,169.40012087070644,166.26872816527063,166.8683624267578,106580600,QQQ
2018-06-25,165.70891359524956,165.9569187575443,161.35945029003759,163.72494506835938,252467500,QQQ
2018-07-02,162.18932412879724,167.626169364545,161.83641151789976,167.50216674804688,125914500,QQQ
2018-07-09,168.3701270010128,171.59406348687722,167.6833680273185,171.3174591064453,137525100,QQQ
2018-07-16,171.35552983473764,172.3093597020154,169.0949577066617,170.72601318359375,142651600,QQQ
2018-07-23,170.22055526500432,174.48416315382246,168.44643039233787,169.41932678222656,194441200,QQQ
2018-07-30,169.42889605399557,171.77531065219998,166.22402537616057,171.76577758789062,220692600,QQQ
2018-08-06,171.6512670315562,174.19799159019715,171.4414232503086,172.18540954589844,130056600,QQQ
2018-08-13,172.50020538387386,173.60663740523157,169.89623833964671,171.555908203125,169334600,QQQ
2018-08-20,171.93744249546256,174.19803017520792,170.73562157198813,174.05494689941406,118152400,QQQ
2018-08-27,174.93244637408503,178.86223654933983,174.65584203022718,178.0323944091797,136764900,QQQ
2018-09-03,177.48873703293887,177.79395514877513,172.10913493338546,172.74819946289062,164407700,QQQ
2018-09-10,173.7401653671452,176.4108928419832,172.18543203574853,175.49522399902344,154809800,QQQ
2018-09-17,175.19955163119977,176.91644917136577,172.805442693213,175.22817993164062,168693100,QQQ
2018-09-24,173.64485647978145,177.87986649781848,172.92948355928328,177.21217346191406,157623800,QQQ
2018-10-01,178.5629666487377,179.19363082696157,170.49815199770185,172.14169311523438,246001500,QQQ
2018-10-08,171.53973179824453,172.9730517156552,160.3502745609122,166.57089233398438,475596400,QQQ
2018-10-15,165.98801911296218,170.33574481414797,163.9335850161032,165.3286895751953,369262500,QQQ
2018-10-22,166.32249080085,167.45959394281203,156.92946304001967,159.25144958496094,447925700,QQQ
2018-10-29,161.68806844926314,164.87959102519653,152.9734723649877,161.8505096435547,406958100,QQQ
2018-11-05,162.0607376971483,167.7749032876806,159.65275575907148,163.8953857421875,216052700,QQQ
2018-11-12,162.74874143922398,163.05450883987987,156.19368966846073,160.05409240722656,340622200,QQQ
2018-11-19,159.28963443921103,159.48074086607164,150.14505996053393,152.13259887695312,236402800,QQQ
2018-11-26,154.26349302354808,161.9365334220624,153.61371355325466,161.84097290039062,230370200,QQQ
2018-12-03,165.4146896804377,165.60579610417912,153.70924261532926,154.2061309814453,273514100,QQQ
2018-12-10,153.91944885253906,160.1496167984393,152.32368777216357,153.91944885253906,289725000,QQQ
2018-12-17,153.2601585674832,154.48325736808013,140.19783488793723,141.0100555419922,460464200,QQQ
2018-12-24,139.5862374502166,148.67347961028108,137.08271023251365,146.16995239257812,318826300,QQQ
2018-12-31,148.0256350502468,150.4500842832515,143.25340080223097,149.7122039794922,261121500,QQQ
2019-01-07,150.08592024905928,154.7815045053847,149.59720235053575,153.9861297607422,217059700,QQQ
2019-01-14,152.6828462127089,159.0937456176243,151.97371332115762,158.35586547851562,201908800,QQQ
2019-01-21,157.21556337949494,158.73922651342576,153.63160214286822,158.2600860595703,163751500,QQQ
2019-01-28,156.21887513334323,161.9398102995833,154.273567088241,160.46405029296875,175024000,QQQ
2019-02-04,160.49279590085993,164.2205060395261,159.62077185732085,161.52774047851562,153902100,QQQ
2019-02-11,162.11234305456085,165.36091401843004,160.97198669051835,164.76678466796875,140098800,QQQ
2019-02-18,164.2588577727557,165.85918439228186,163.58806437268476,165.67710876464844,105023500,QQQ
2019-02-25,166.94206424584587,167.3732875771627,164.59426515563,167.1145477294922,136227200,QQQ
2019-03-04,168.21658198550784,168.45615215244882,162.2752447698121,164.02890014648438,166288600,QQQ
2019-03-11,164.70930041350599,171.41726568079017,164.68055316070823,170.9093780517578,168841500,QQQ
2019-03-18,170.52602869738377,175.2024426730013,170.1810470988185,171.11058044433594,233156400,QQQ
2019-03-25,170.797954032599,173.46682084134133,169.54032434236274,172.47799682617188,182255000,QQQ
2019-04-01,174.2540660788239,177.52775359713772,173.54365722476155,177.2781524658203,139453700,QQQ
2019-04-08,176.99012990096563,178.51656544801304,176.2893160681573,178.4013671875,118535600,QQQ
2019-04-15,178.41094594185694,180.4173935904036,177.23971490373253,179.89898681640625,106501200,QQQ
2019-04-22,179.11179899518245,183.5759075840222,178.9773814865647,183.0286865234375,132455700,QQQ
2019-04-29,183.02865818004267,183.67188746179872,179.39976687846436,183.47027587890625,162504900,QQQ
2019-05-06,179.5726066070483,182.5966782753683,173.7932543410542,177.60455322265625,248233300,QQQ
2019-05-13,173.08281765020564,178.63177296123013,170.9419670304055,175.72288513183594,235474400,QQQ
2019-05-20,173.27486902533403,175.04131101520457,170.0587803159638,171.0380096435547,165809300,QQQ
2019-05-27,171.5179991836049,172.47802378714172,166.91947312932825,166.99627685546875,142743600,QQQ
2019-06-03,166.54505780288133,174.50366966766833,162.5033625786272,173.80284118652344,233854300,QQQ
2019-06-10,174.96450391181918,177.9885758976828,174.66689859465467,175.3389129638672,156963600,QQQ
2019-06-17,175.72289560017265,182.1838716781703,175.53089361074197,181.03184509277344,181132100,QQQ
2019-06-24,180.99344684039542,181.17585386845923,177.2685464953851,179.27500915527344,116780400,QQQ
2019-07-01,183.11587391430416,184.1934741495446,181.249305877404,183.8182373046875,86269100,QQQ
2019-07-08,182.62514199333472,186.21394663027738,181.50904781373222,186.20433044433594,109114800,QQQ
2019-07-15,186.63727137452253,186.8393287047101,183.47181419703713,183.77969360351562,110827000,QQQ
2019-07-22,184.1934773814668,188.14790328413213,184.1934773814668,187.89773559570312,107030400,QQQ
2019-07-29,187.7245425808839,187.79188525130562,179.1614382911823,180.25828552246094,199249800,QQQ
2019-08-05,176.48666423057284,181.1915784092851,172.416785445905,179.43084716796875,238954800,QQQ
2019-08-12,178.32434539931862,182.5000604164855,174.30257744630904,178.45904541015625,185351700,QQQ
2019-08-19,181.03757193284224,182.28836589231807,174.68739625008624,175.1781005859375,142431600,QQQ
2019-08-26,177.16978164027958,181.81695429459975,175.98634471626042,180.3737335205078,129082800,QQQ
2019-09-02,179.17105789921877,185.04977804713732,178.0261003493758,184.33778381347656,102976700,QQQ
2019-09-09,184.9151035460555,187.33971900502394,181.7592613784093,185.25184631347656,129575600,QQQ
2019-09-16,184.05875607886685,186.69502992184667,182.9137986005505,183.5776824951172,126179200,QQQ
2019-09-23,183.15436121681452,184.5302248133562,178.7188615619981,179.95040893554688,165611000,QQQ
2019-09-30,181.04596936807465,183.74541707488967,175.29038102880853,182.0293426513672,178499700,QQQ
2019-10-07,181.50873006723063,185.71215151471728,178.61646800824823,184.24673461914062,139897100,QQQ
2019-10-14,183.98641287251343,187.5149758457567,183.8032339356963,184.80589294433594,105412300,QQQ
2019-10-21,185.78932047147813,188.71050460630525,184.28533151828026,188.6140899658203,93527500,QQQ
2019-10-28,189.4913827274226,191.73770815031114,188.27662318007495,191.72805786132812,108086400,QQQ
2019-11-04,193.00068187373142,194.47573459399254,191.65095052700084,194.00332641601562,86881500,QQQ
2019-11-11,193.01995269588332,195.62298583984375,192.75964496824523,195.62298583984375,76073800,QQQ
2019-11-18,195.31450364938303,196.51961315120923,193.41524989764017,194.58180236816406,106991400,QQQ
2019-11-25,195.42052574547708,198.65022462981767,195.39160429846092,197.73434448242188,59351100,QQQ
2019-12-02,197.7439744006286,197.81145287146563,192.0751355748158,197.63792419433594,105928800,QQQ
2019-12-09,197.28120622716526,200.4434116719332,196.1339398857099,199.749267578125,119696100,QQQ
2019-12-16,201.0604291539794,204.88785728870013,200.99293597514762,204.10694885253906,98274500,QQQ
2019-12-23,204.38652417701223,206.8545855114585,203.84663759895284,205.93870544433594,66065300,QQQ
2019-12-30,206.2789193887365,208.84895536527048,204.01806732337968,206.9359130859375,98474700,QQQ
2020-01-06,205.31271926258196,212.4334427376959,205.06151841932635,211.04214477539062,115637400,QQQ
2020-01-13,211.9117156730513,215.99864242465432,211.57354764645743,215.82473754882812,116047300,QQQ
2020-01-20,215.2257081629873,218.2401921780909,214.17257815983328,215.16773986816406,105815300,QQQ
2020-01-27,210.3078650484752,215.9986502149838,209.83443274270851,211.6605224609375,189504700,QQQ
2020-02-03,212.6943250020977,222.6459567032296,212.54940426685818,221.44789123535156,142986600,QQQ
2020-02-10,220.71364981226188,226.9841340381682,220.65568150550504,226.70394897460938,122359900,QQQ
2020-02-17,225.60243854356662,229.4381642669566,221.56382380801844,222.481689453125,155246200,QQQ
2020-02-24,214.18226235619736,216.66534608571658,191.4674302656872,198.83937072753906,531799600,QQQ
2020-03-02,201.81512022549046,212.18219858221104,196.04704053409793,200.9842071533203,486507500,QQQ
2020-03-09,186.9360826407194,197.39013385013575,170.9555078004783,185.8346405029297,578894700,QQQ
2020-03-16,168.2598701509544,178.43372194188441,161.15847165260303,164.9265594482422,567348200,QQQ
2020-03-23,165.13910418443015,186.20178271094574,159.351693982008,179.03274536132812,447009100,QQQ
2020-03-30,181.11834304147877,189.0482034662258,175.11527884398188,177.54554748535156,269684500,QQQ
2020-04-06,184.42970999303282,196.76505003459178,183.18069123520618,194.48001098632812,248861000,QQQ
2020-04-13,193.64731422553086,209.6328946961661,192.4370185116213,208.45164489746094,281370100,QQQ
2020-04-20,206.5829952439665,209.02295601048007,197.1620557269252,207.04774475097656,228781400,QQQ
2020-04-27,209.32306392855955,213.050765814004,204.50125000438356,205.98265075683594,224185400,QQQ
2020-05-04,204.74330303962958,217.85321914914914,204.4140913912531,217.71766662597656,177556400,QQQ
2020-05-11,216.3912206487117,220.85479232863543,209.12944555821454,216.17820739746094,249585900,QQQ
2020-05-18,219.09257470971576,224.76644172601652,218.30830543457768,222.36521911621094,188457700,QQQ
2020-05-25,225.9476776123047,226.18005969857816,216.82689125723752,225.9476776123047,182197000,QQQ
2020-06-01,225.07629805787835,232.66726984465873,224.6309026984674,232.07664489746094,182469800,QQQ
2020-06-08,231.9313686999885,239.948380650116,224.37913568933837,228.38763427734375,271022200,QQQ
2020-06-15,225.05693618323625,239.15445987517708,224.1177454220398,236.4821319580078,208947500,QQQ
2020-06-22,235.93991930391684,243.17264885983832,232.06697238343926,232.58982849121094,192633900,QQQ
2020-06-29,232.7518040862224,246.62166903519153,230.21061732487533,244.60423278808594,139932700,QQQ
2020-07-06,247.76623975703896,256.28215711550087,247.74683719909834,256.02996826171875,174791700,QQQ
2020-07-13,258.8814544932033,261.6748299485268,245.15707211356548,251.61676025390625,273594500,QQQ
2020-07-20,252.256909004445,260.33636329361354,243.76042560647548,247.8728790283203,219137400,QQQ
2020-07-27,249.52174571867556,257.9503568403757,248.7361125181159,257.795166015625,190765800,QQQ
2020-08-03,259.93866581740104,266.7087208292553,259.8125714301323,263.3042907714844,151622600,QQQ
2020-08-10,263.5952580935916,266.56321216810386,256.67004178627025,263.9735412597656,179661300,QQQ
2020-08-17,265.6903678702667,273.8474044362509,264.012424018041,273.39154052734375,142804200,QQQ
2020-08-24,276.66984485515445,285.0111677452966,272.80955029911865,283.7308654785156,191005500,QQQ
2020-08-31,284.25448856171704,294.3707480207642,263.62426925420357,275.0499267578125,357416300,QQQ
2020-09-07,264.03168957949697,273.7115042548551,258.87170678583755,262.31494140625,305883000,QQQ
2020-09-14,266.1072829138103,272.0141227807986,254.7301382942283,258.84259033203125,290518000,QQQ
2020-09-21,254.57502800542568,264.86587002717715,252.2860002948854,263.3916015625,273008900,QQQ
2020-09-28,268.26051556852906,274.3710305809264,263.4982334399361,266.0588073730469,260386700,QQQ
2020-10-05,268.02781680758886,277.19357700959245,266.0006865947921,277.115966796875,161072900,QQQ
2020-10-12,281.8103729845661,288.5125268002851,277.9210121343509,279.8317565917969,263644700,QQQ
2020-10-19,281.75215185308656,282.71239312342067,272.37303868254025,276.17510986328125,155113000,QQQ
2020-10-26,273.886093784549,276.7182444303153,259.0366166449959,261.2771301269531,231478300,QQQ
2020-11-02,263.67286217933764,286.50479629524915,258.9396459718296,285.74822998046875,252333700,QQQ
2020-11-09,288.69679059444456,290.1419920653963,272.1790479697961,282.1789245605469,250886400,QQQ
2020-11-16,281.8782181653394,284.9043646077503,280.16146997963773,281.64544677734375,128707200,QQQ
2020-11-23,282.6444394335046,291.1409495687846,279.404909627494,290.0158386230469,91882300,QQQ
2020-11-30,290.3359470913151,296.67923431689474,285.91311276878787,296.3300476074219,121138300,QQQ
2020-12-07,296.51438672147776,299.3174711644128,289.1235972734806,292.7705078125,142311700,QQQ
2020-12-14,293.9634952083128,302.5958114288142,293.89562326831356,300.7335510253906,144879600,QQQ
2020-12-21,297.24174599966153,301.3639069855067,294.46778834406166,300.2485046386719,101258100,QQQ
2020-12-28,303.4066091705257,305.77750706360774,301.57012258681056,304.8544006347656,88119100,QQQ
2021-01-04,306.18557538377576,310.3443875250699,296.53681570515556,309.99456787109375,191789500,QQQ
2021-01-11,307.0309274942716,308.5370170351717,301.7838408220294,303.027587890625,143530400,QQQ
2021-01-18,305.3500109205698,317.8652364786407,304.25200931895614,316.20367431640625,102005100,QQQ
2021-01-25,319.59474446360895,320.96481455897623,303.9021443147301,305.6511535644531,217938000,QQQ
2021-02-01,309.1005736433557,322.9858650268445,307.06976952936174,321.9753112792969,139484200,QQQ
2021-02-08,323.6660751016518,327.08637233245423,320.1680269944273,326.92120361328125,108521900,QQQ
2021-02-15,327.7179793104978,328.61193652963067,319.06032078495,321.6449890136719,129835000,QQQ
2021-02-22,317.25300352447215,318.5161736067524,302.0753913775646,305.2430725097656,417627500,QQQ
2021-03-01,310.22775386175044,315.1444442215239,289.02575358934234,299.93768310546875,444490900,QQQ
2021-03-08,299.39351944960185,310.8010134463374,291.027383341384,306.525634765625,368399400,QQQ
2021-03-15,306.8463346889544,315.0181537098588,300.88994126604837,304.2713928222656,337304600,QQQ
2021-03-22,306.28275025726435,311.9962241821244,298.6842474552767,307.0503845214844,316702500,QQQ
2021-03-29,306.9031060015364,315.912192331418,303.0990412624576,315.7760009765625,209961800,QQQ
2021-04-05,318.2666469069795,328.1805583812941,318.02342048158556,327.9762268066406,174361800,QQQ
2021-04-12,326.9352513332918,332.95754020507746,325.6607471963608,332.7434997558594,175974200,QQQ
2021-04-19,331.1674136445607,332.3251442105728,324.9213454553336,330.22369384765625,191531000,QQQ
2021-04-26,330.46687097943754,333.51204068484316,327.77190336128814,328.8323669433594,173587200,QQQ
2021-05-03,330.0388567589905,330.78798356251343,317.3716037981472,325.1451416015625,241234800,QQQ
2021-05-10,323.76354360857204,323.9386595011987,307.4381878586439,317.54669189453125,338076800,QQQ
2021-05-17,315.83438202806565,321.89556553482396,307.7300609231704,318.14990234375,239039100,QQQ
2021-05-24,320.4458775450122,326.4779034791445,318.0427997891776,324.88232421875,147060100,QQQ
2021-05-31,326.21522111441317,326.9546388381488,319.38543479861494,326.5071105957031,128987600,QQQ
2021-06-07,325.9720052503653,332.0040317697978,325.28125059656884,331.9942932128906,136304900,QQQ
2021-06-14,332.42237697726114,336.99504515559966,328.3070053074791,333.3466491699219,234328600,QQQ
2021-06-21,333.1520520789934,341.9373883168793,330.9338285345986,339.9915771484375,150387100,QQQ
2021-06-28,341.6716528187316,349.6489938315678,341.6132131554636,349.32757568359375,163297500,QQQ
2021-07-05,349.93151811895416,353.34063764276465,345.21719640161865,351.6360778808594,160182100,QQQ
2021-07-12,353.0387389819355,355.99978181035516,347.9639989478695,348.3146667480469,201430700,QQQ
2021-07-19,344.8567965880187,358.9218528127302,342.89900805931194,358.639404296875,199061200,QQQ
2021-07-26,357.9478315331972,359.3115032424255,350.8081736692195,355.1036682128906,190594500,QQQ
2021-08-02,356.7691955067204,360.30494391242803,352.6003309049173,358.49322509765625,147270800,QQQ
2021-08-09,358.9510275568734,359.96403132056827,354.8406025606151,359.2432556152344,140646200,QQQ
2021-08-16,358.123170432939,359.43809283396865,350.6133452850745,358.1816101074219,206178100,QQQ
2021-08-23,359.2238201921657,366.7823354985739,359.21410006276034,366.2758483886719,132447500,QQQ
2021-08-30,367.06481903896724,372.7726455688982,367.045319329543,371.6622619628906,135121000,QQQ
2021-09-06,371.76935378124006,372.84079731013054,366.4803553876909,366.8115234375,126567800,QQQ
2021-09-13,369.1491886673914,369.57776606637844,363.08097500815853,364.1231689453125,220771700,QQQ
2021-09-20,357.91856348236706,364.3277245318747,351.5581219731497,363.6361389160156,245812400,QQQ
2021-09-27,360.9872454082248,362.0111032920654,345.56093347414003,351.2165832519531,316876400,QQQ
2021-10-04,349.59789519447895,356.58947636056143,341.6019774573601,352.1722106933594,262038900,QQQ
2021-10-11,350.631492572619,359.8755843626748,347.60866286233005,359.7585754394531,202726900,QQQ
2021-10-18,358.4616808904499,368.07632141409755,357.85711490827623,364.7901916503906,156739900,QQQ
2021-10-25,366.2138698196858,376.6670947558505,364.2636415088948,376.5013122558594,200866700,QQQ
2021-11-01,376.9400990194763,391.0109881503022,374.8533703479097,388.68048095703125,173298600,QQQ
2021-11-08,388.6512504421156,389.6751083872377,377.8859819898278,384.8775634765625,201658000,QQQ
2021-11-15,386.05743140568967,395.2137374372836,382.34224902199827,393.93634033203125,181206300,QQQ
2021-11-22,395.4770459711976,398.5388888738854,380.07022481849157,381.46466064453125,230301800,QQQ
2021-11-29,386.03789252566713,391.20598477933595,369.4706855682607,373.5954284667969,403312000,QQQ
2021-12-06,374.08301837609054,390.24066578495564,369.860757755252,388.10516357421875,265317600,QQQ
2021-12-13,388.09538536895775,388.56345081800384,372.2692738908637,375.3311462402344,362307500,QQQ
2021-12-20,370.1240619647171,388.5146994023922,368.07631642585534,387.04229736328125,180874000,QQQ
2021-12-27,388.8351789621784,395.01552161542406,387.94668822316385,388.44464111328125,156785900,QQQ
2022-01-03,389.61631903957675,392.76997153787846,369.1030223897124,370.8799743652344,317809500,QQQ
2022-01-10,365.9590592165419,380.975472448697,360.57930906793825,371.0263671875,372757800,QQQ
2022-01-17,365.1975588909904,367.32601570151354,343.0927628959581,343.37591552734375,389242000,QQQ
2022-01-24,337.7325341351869,348.4431995467406,326.2505363393708,343.4832763671875,673067300,QQQ
2022-01-31,344.85019140452897,361.3506611908151,343.2098847800365,349.5464782714844,429239600,QQQ
2022-02-07,350.14212388338905,358.13851250780766,337.62518491227644,338.85540771484375,392723000,QQQ
2022-02-14,338.29877440175795,348.64819047304144,331.12255632133497,333.4365234375,336133200,QQQ
2022-02-21,330.48798873287456,337.8009432228035,310.7362508673229,337.59588623046875,381638700,QQQ
2022-02-28,334.4129662674762,341.7649535261793,327.0023998111845,329.32611083984375,363557200,QQQ
2022-03-07,329.31633814217497,330.4782084509777,312.3764931067322,316.7310485839844,406402200,QQQ
2022-03-14,315.4911451145576,343.47362039606384,309.9454286337423,343.1806945800781,414772900,QQQ
2022-03-21,341.92111376818065,352.1435990730088,337.4103077841342,350.85479736328125,318900000,QQQ
2022-03-28,351.2788114845356,363.48860991971765,350.0373125257011,353.7325134277344,315203800,QQQ
2022-04-04,354.5731839253458,361.02512964832454,340.68197046975223,341.3173828125,324499500,QQQ
2022-04-11,337.0747087491457,339.89010509479596,330.45659416089165,330.83782958984375,273784800,QQQ
2022-04-18,329.7821228764926,340.06611352951643,317.67005748652264,318.1001892089844,338939400,QQQ
2022-04-25,316.46759377982755,322.499161997092,305.58727454933717,306.2226867675781,510207600,QQQ
2022-05-02,305.81211389491006,322.8804463991412,298.2652993505533,302.31243896484375,603960900,QQQ
2022-05-09,296.67196503930586,302.4102770306864,278.547869323772,295.16650390625,582433800,QQQ
2022-05-16,293.41657680351324,299.68278160138095,273.92389855335506,282.2038879394531,373067700,QQQ
2022-05-23,283.2499134380909,302.31246153832484,275.9181641687702,302.16583251953125,330731800,QQQ
2022-05-30,302.13657504976106,307.5034071821675,296.59375822203594,299.3309631347656,246516000,QQQ
2022-06-06,303.77880791157975,305.34292037103984,281.9106487814524,282.3603210449219,276891400,QQQ
2022-06-13,273.4742555917415,280.3954139740466,263.2391321248017,268.52777099609375,409804600,QQQ
2022-06-20,272.49672175044384,288.4212918877638,271.6755692899683,288.00091552734375,234986700,QQQ
2022-06-27,289.91596346327833,290.4840288885964,270.1115677364918,276.3310546875,309052700,QQQ
2022-07-04,272.5895048245525,290.6504842308284,271.06157206699834,289.2792663574219,241539600,QQQ
2022-07-11,286.8600994625401,287.08535287363065,274.0489312680244,285.870849609375,312570300,QQQ
2022-07-18,288.6623062667109,302.20803035415844,282.276329550761,295.7828674316406,294638700,QQQ
2022-07-25,295.81216947991237,309.8868288174755,287.50648935655255,308.9759216308594,272601800,QQQ
2022-08-01,307.2031712219345,318.04564347325675,305.43037670344495,315.1366882324219,241638700,QQQ
2022-08-08,316.05737627056624,323.7949923249394,308.9368158695845,323.59912109375,221928400,QQQ
2022-08-15,322.6490693129325,327.54629862750346,315.45991037566455,316.223876953125,221003500,QQQ
2022-08-22,311.95348724672164,314.90162866911857,301.0326725566496,301.1208190917969,235799100,QQQ
2022-08-29,298.35877213651423,300.9053371717278,286.9286564916471,289.10302734375,272207900,QQQ
2022-09-05,289.58295651857344,301.277542072908,284.8914026424768,300.77801513671875,218040800,QQQ
2022-09-12,302.1590234016614,304.68598036459554,279.7492991526634,283.3732604980469,325594900,QQQ
2022-09-19,280.2194337926002,287.90808887357815,266.42882095605734,269.84710693359375,324388200,QQQ
2022-09-26,269.8610499138707,275.9641516385356,262.0800945315711,262.2370910644531,380307300,QQQ
2022-10-03,264.0131065215655,278.8391148598136,262.5020408919999,264.04254150390625,308574700,QQQ
2022-10-10,264.23868763456016,266.7015235665416,249.4813602372208,255.83956909179688,367634100,QQQ
2022-10-17,261.82492131776695,272.0000194772841,261.7267947604906,270.2436828613281,325976100,QQQ
2022-10-24,270.5086255830863,279.25117273109083,266.85853886079514,275.9346923828125,306882100,QQQ
2022-10-31,273.67795856795317,276.7687511163148,254.21080746248094,259.70556640625,321793100,QQQ
2022-11-07,260.75543245972045,283.2152468291002,258.0865515769532,282.5480041503906,341628200,QQQ
2022-11-14,280.48747348016104,287.74842030011985,275.44409127743756,279.467041015625,287186600,QQQ
2022-11-21,278.073724229733,284.0198291211705,275.18897671479493,281.527587890625,143845700,QQQ
2022-11-28,279.5455390913604,290.1916284923095,273.9232487669118,287.0517578125,254181700,QQQ
2022-12-05,284.92257241386864,286.1981280990087,273.54057804974536,276.73931884765625,231489400,QQQ
2022-12-12,276.91594631574986,291.30042923519636,267.4865415003507,269.0957336425781,310239100,QQQ
2022-12-19,268.7228653133699,269.6157663097826,257.5273019731577,262.335205078125,241278800,QQQ
2022-12-26,262.3534278320451,263.00257767637083,255.4587283040866,261.9010009765625,168899900,QQQ
2023-01-02,264.2320808872621,265.7074135890511,256.05874012060883,264.3796081542969,190146600,QQQ
2023-01-09,266.3762238346255,276.5953760882801,264.5468256922424,276.3494873046875,230296400,QQQ
2023-01-16,276.1527174451695,280.00826612504534,269.38588448133714,278.03131103515625,188788200,QQQ
2023-01-23,278.8771510564063,293.35507967411013,276.5559459982158,291.3879699707031,256585200,QQQ
2023-01-30,288.11273381264004,308.5214982822763,285.12274848478813,301.14483642578125,322914500,QQQ
2023-02-06,298.518765206791,305.9150874449388,292.36170176476514,294.77142333984375,264295100,QQQ
2023-02-13,296.1778920145486,304.184013297109,293.1977218664159,296.2073974609375,264545700,QQQ
2023-02-20,292.3715422587318,293.81736917758997,285.28008974372005,287.0505065917969,241542300,QQQ
2023-02-27,290.21753555279713,294.98778255805007,283.6277060796792,294.751708984375,269602500,QQQ
2023-03-06,295.99100790235343,299.0006834330209,282.6540061346902,283.80474853515625,343618700,QQQ
2023-03-13,282.0147434640257,304.0660303423184,280.5000603192981,300.3383483886719,442479400,QQQ
2023-03-20,299.2564009685799,310.06565890146544,297.0434026100445,305.7773742675781,313679600,QQQ
2023-03-27,306.95019951326606,316.3773997699198,300.22210237802375,316.1409606933594,272640500,QQQ
2023-04-03,314.01321223506665,316.83055013092985,308.1520178709859,313.303955078125,202714400,QQQ
2023-04-10,310.3683906866717,315.57942927793,307.90569681331226,313.816162109375,258953700,QQQ
2023-04-17,313.40246509123875,316.6236884187605,309.41291242030957,311.88543701171875,250178400,QQQ
2023-04-24,311.65884049659354,317.8352659209852,305.26569680842425,317.7466125488281,281708200,QQQ
2023-05-01,317.2836362021494,318.9287289988289,310.41764422232353,318.07171630859375,259445500,QQQ
2023-05-08,317.60877115544906,322.28789031728274,316.525179652903,320.1798095703125,221392500,QQQ
2023-05-15,320.6526405513785,333.16310886726666,319.12575213237807,331.4884948730469,246649300,QQQ
2023-05-22,331.23236228044794,344.03837182586307,324.6421903478711,343.2010498046875,283993600,QQQ
2023-05-29,347.44667430845277,350.5201112781664,341.339211886175,349.35772705078125,241618300,QQQ
2023-06-05,349.1410593232101,352.3228709099733,342.98432409802217,349.21002197265625,258233300,QQQ
2023-06-12,350.874803939936,367.2862008868305,349.8995867047304,362.4396057128906,323300700,QQQ
2023-06-19,360.48918437090146,362.82381363243735,354.84467851492366,357.13006591796875,199108900,QQQ
2023-06-26,357.0872399403395,365.4620111555699,352.7370851452306,364.40655517578125,253475100,QQQ
2023-07-03,365.0477231018609,366.9613974338285,359.57302505192206,361.2696838378906,150402200,QQQ
2023-07-10,360.9935000337992,377.66414187905843,358.47811846225864,373.92559814453125,250796800,QQQ
2023-07-17,374.64567919805665,382.71469037138644,370.0982564791526,370.53228759765625,282665200,QQQ
2023-07-24,371.5088390815249,379.4890450892499,369.2597824446347,378.2757568359375,247193300,QQQ
2023-07-31,378.5815048057532,379.65670854906034,366.48787849275794,366.990966796875,267136800,QQQ
2023-08-07,368.80601452311026,370.196882781092,359.74073119795617,361.2696838378906,253850300,QQQ
2023-08-14,360.4706629475944,365.44227244288123,349.8961451896764,353.2697448730469,264656900,QQQ
2023-08-21,354.7395528856287,367.68149511611034,353.71365841026005,359.079833984375,283800300,QQQ
2023-08-28,362.0094861806907,375.661656802082,359.3066809726992,372.46563720703125,216665800,QQQ
2023-09-04,371.6568213122325,374.1623592516604,364.14023759737125,367.523681640625,163203700,QQQ
2023-09-11,370.56186538632267,373.1364302350626,364.84055999453483,365.7776794433594,245478900,QQQ
2023-09-18,364.3079220525472,366.74440259607667,352.73710042540677,353.0527648925781,241363900,QQQ
2023-09-25,352.59573954505055,358.5426570982214,347.0933696348306,353.9194641113281,270174600,QQQ
2023-10-02,354.18616121648415,361.4666605095326,348.9900251578927,360.2713623046875,287836800,QQQ
2023-10-09,357.9004754555042,369.2015586764374,356.3989441030075,360.84429931640625,232546500,QQQ
2023-10-16,362.1680335201904,365.98117621644883,350.0667884443341,350.29400634765625,294314600,QQQ
2023-10-23,348.9703571661738,355.53959987991516,338.1928341819658,341.11688232421875,321035900,QQQ
2023-10-30,343.60621419207945,364.53890199557856,342.24299714459875,363.24481201171875,273406000,QQQ
2023-11-06,364.01538885255854,373.94336904263696,362.45458817485417,373.7951965332031,237458700,QQQ
2023-11-13,372.21452902688634,383.0414298604424,370.6833330759341,381.3522033691406,254582900,QQQ
2023-11-20,381.36211453551726,388.2968887284227,381.36211453551726,384.7801208496094,147606400,QQQ
2023-11-27,384.2861954021534,389.353905767751,381.1349297000956,385.20489501953125,201767000,QQQ
2023-12-04,381.4016202961197,387.8523238589643,378.0132787784547,387.4078063964844,232395000,QQQ
2023-12-11,386.9830185032322,401.6033174323558,386.77557701354056,400.4178771972656,254171700,QQQ
2023-12-18,400.0128717586909,405.48560721347417,398.0075235353911,403.4209899902344,216247200,QQQ
2023-12-25,405.0878898560721,408.72057890966863,403.4348606185102,405.3551330566406,124394300,QQQ
2024-01-01,401.9239148810252,402.17150255012376,391.5252327788868,392.921630859375,189385300,QQQ
2024-01-08,394.1496376634008,407.2816966919619,394.00109111348326,405.6080017089844,209700700,QQQ
2024-01-15,404.37003775974193,417.2743044441196,399.03206391743544,417.1158447265625,228176600,QQQ
2024-01-22,419.32435530267196,425.70221564733527,416.51176319774316,419.7204895019531,206336600,QQQ
2024-01-29,420.1760181213769,426.08841213002773,412.76821532983,424.87030029296875,250055300,QQQ
2024-02-05,424.9297244654587,433.62500122311496,420.8989904096387,432.83270263671875,180281800,QQQ
2024-02-12,432.72378098825294,434.9025643340844,421.22579514086686,426.4152526855469,235300300,QQQ
2024-02-19,424.41471179333263,436.3385407564334,417.56150298202454,432.5653076171875,197520200,QQQ
2024-02-26,433.3774018468212,442.2707303429398,430.1092269347454,441.3100891113281,186043400,QQQ
2024-03-04,441.3100979614024,444.31088916848194,429.46551374165256,434.78369140625,255100000,QQQ
2024-03-11,433.28832642994706,439.73548866742584,428.5643344443908,429.73297119140625,264354600,QQQ
2024-03-18,434.4964870503794,445.00409137985287,429.14857015583726,442.0726623535156,201581000,QQQ
2024-03-25,439.8508518904791,443.5001842794394,438.2443672732685,440.3070373535156,140130000,QQQ
2024-04-01,441.2589790687715,443.79762640684976,431.481195119105,436.7965087890625,234950800,QQQ
2024-04-08,437.7286954547131,442.6076462783349,432.641474217315,434.6148681640625,228230300,QQQ
2024-04-15,438.37327162092254,438.4625174004386,409.62505433483545,411.1918640136719,289733500,QQQ
2024-04-22,413.8296583799684,428.942548052639,410.48776881047144,427.4054870605469,239899800,QQQ
2024-04-29,429.5177069269601,432.8397740281822,417.1219567455807,431.8481140136719,211014100,QQQ
2024-05-06,433.65297893638746,440.6045263914394,432.8794852166278,438.373291015625,137816700,QQQ
2024-05-13,440.2871523608052,450.8979273973612,437.9666713886988,447.99237060546875,169521300,QQQ
2024-05-20,448.21058576602667,456.73883923134014,448.0221679079585,454.13079833984375,143330600,QQQ
2024-05-27,455.3505041065597,455.9058313740179,439.36494720101433,446.9511413574219,142434100,QQQ
2024-06-03,450.77892572953334,461.85575177508935,444.1645397403338,459.09893798828125,138378800,QQQ
2024-06-10,457.96847250134755,475.2630269854355,457.6808826000357,475.193603515625,126478300,QQQ
2024-06-17,475.46132702789936,482.79960546765625,474.15235873999956,476.1753234863281,132868600,QQQ
2024-06-24,474.19199072074673,483.1367836509761,469.86836747210003,475.1142272949219,150606500,QQQ
2024-07-01,476.7931439634354,493.2411340464325,473.03871210342874,492.8041076660156,98182700,QQQ
2024-07-08,493.17163119487475,500.11434340641875,487.4108726348664,491.47320556640625,162846800,QQQ
2024-07-15,493.2510588925382,497.6213228127309,470.73440919691376,472.0256042480469,204761100,QQQ
2024-07-22,477.90556252455855,481.1534341829132,452.54824201784584,459.8385925292969,221650000,QQQ
2024-07-29,462.5600616145557,472.3335030176928,441.4637326291967,445.71478271484375,237064900,QQQ
2024-08-05,421.83737142219695,449.0023897057576,420.5859143226791,447.3635559082031,287041200,QQQ
2024-08-12,448.33692731500673,473.1876874820908,445.5161096793649,471.8170166015625,179277400,QQQ
2024-08-19,471.9560698268566,482.2559246184634,470.1682264372163,476.7533874511719,152406900,QQQ
2024-08-26,476.20715951225554,477.1308620030791,464.72535022830994,473.04864501953125,166883000,QQQ
2024-09-02,467.4765838254063,470.1285076770198,445.15856375258096,445.6551818847656,162567100,QQQ
2024-09-09,449.99560633736394,473.30686199215853,446.7775306345843,472.1249084472656,189684100,QQQ
2024-09-16,469.9895047993613,482.9413151228818,466.7118370112441,479.17694091796875,179939400,QQQ
2024-09-23,479.6834778981326,490.36076800490747,476.92228222715283,483.457763671875,132216800,QQQ
2024-09-30,483.17235969484403,485.78824686276096,474.83733819610507,484.7041015625,152784300,QQQ
2024-10-07,482.784421310443,491.8156661455328,478.28866542785244,490.71160888671875,124637000,QQQ
2024-10-14,493.1087138517629,496.15228545542055,484.9527493639997,491.8157043457031,136387100,QQQ
2024-10-21,490.6022546402613,494.7797213575166,488.6726660507803,493.2976989746094,57022300,QQQ
2018-06-18,9.120899517794063,9.133466756022798,8.941811429077902,9.108331680297852,16222586,ORA.PA
2018-06-25,9.073769749438435,9.13346577258276,8.894682279272878,9.014074325561523,25631413,ORA.PA
2018-07-02,8.922961258453634,9.37539327078243,8.875833061168198,9.337690353393555,28020982,ORA.PA
2018-07-09,9.387959482122387,9.387959482122387,9.16174380036952,9.174311637878418,25462144,ORA.PA
2018-07-16,9.18373628610775,9.205729400970608,8.753298068532727,8.856980323791504,35325199,ORA.PA
2018-07-23,8.844412295525848,9.221438996989662,8.743872001606809,9.193161964416504,35837057,ORA.PA
2018-07-30,9.16488564438887,9.227723632607464,9.076912580736327,9.183736801147461,26131768,ORA.PA
2018-08-06,9.183736064087817,9.243432088177709,8.900966338333337,8.941810607910156,22128628,ORA.PA
2018-08-13,8.926101434733894,9.023499769565886,8.83812837791529,8.888399124145508,20356061,ORA.PA
2018-08-20,8.913534503184842,9.073770227579532,8.882115510439188,8.995223045349121,16395975,ORA.PA
2018-08-27,9.03606876727607,9.05806188449047,8.76586624317344,8.791001319885254,17789765,ORA.PA
2018-09-03,8.76586617199758,8.797285167449111,8.464245253904865,8.561643600463867,31011073,ORA.PA
2018-09-10,8.54279173011264,8.674751020584752,8.511372737282624,8.57106876373291,23287329,ORA.PA
2018-09-17,8.552217300430277,8.668467398089652,8.483095993258532,8.649616241455078,39926463,ORA.PA
2018-09-24,8.615054811120793,8.7690072135232,8.549074867652656,8.63076400756836,26540402,ORA.PA
2018-10-01,8.633906034316315,8.677892863395307,8.486237549043638,8.580493927001953,24832207,ORA.PA
2018-10-08,8.545933585486825,8.7501561374994,8.42025761569376,8.461102485656738,37075357,ORA.PA
2018-10-15,8.445393226751936,8.910393026162323,8.426542069791406,8.828703880310059,37949593,ORA.PA
2018-10-22,8.882116894811663,8.882116894811663,8.514516000708124,8.599347114562988,46050481,ORA.PA
2018-10-29,8.558500272312747,8.910391886413743,8.473669177940087,8.769006729125977,37143530,ORA.PA
2018-11-05,8.762723156899773,9.22458095608306,8.734446124326615,9.193161964416504,42479598,ORA.PA
2018-11-12,9.212014198303223,9.328264301300456,9.09576469457348,9.212014198303223,36851338,ORA.PA
2018-11-19,9.208871558938817,9.328263612582454,9.083196186104027,9.196304321289062,33688803,ORA.PA
2018-11-26,9.243431539208222,9.560762196789577,9.196303354259332,9.526201248168945,61998437,ORA.PA
2018-12-03,9.582757024988869,9.582757024988869,9.09576469457348,9.212014198303223,45871454,ORA.PA
2018-12-10,9.384303533259256,9.560639703498985,9.24323423015654,9.323387145996094,38854725,ORA.PA
2018-12-17,9.284913870738025,9.381097740731846,9.009188244399525,9.089341163635254,52702473,ORA.PA
2018-12-24,9.076515889517454,9.092546839368582,8.858499863687788,9.028424263000488,13313634,ORA.PA
2018-12-31,9.082928129401402,9.182317570872998,8.903385774464734,9.156668663024902,18861009,ORA.PA
2019-01-07,9.188730855776768,9.19514323624994,8.678958227006381,8.829646110534668,45230617,ORA.PA
2019-01-14,8.7911722469422,8.813614966589205,8.544301107788662,8.701400756835938,33100308,ORA.PA
2019-01-21,8.640483577450077,8.662926293458714,8.499414290586746,8.643689155578613,28658845,ORA.PA
2019-01-28,8.637277209785436,8.82964430399464,8.515444451795084,8.717430114746094,32419542,ORA.PA
2019-02-04,8.723843392213217,8.759110872185406,8.476972866962623,8.509034156799316,31453176,ORA.PA
2019-02-11,8.544302549270151,8.630867863814103,8.432088320585587,8.60842514038086,32727792,ORA.PA
2019-02-18,8.61162944270325,8.800790372329855,8.493002858616753,8.762316703796387,36578559,ORA.PA
2019-02-25,8.762317134780275,8.762317134780275,8.473766746900356,8.547507286071777,32344895,ORA.PA
2019-03-04,8.61804158475679,8.749492934558491,8.470560507275152,8.69819450378418,35456239,ORA.PA
2019-03-11,8.765522132562769,9.09254614638324,8.637277601118905,9.076515197753906,46270288,ORA.PA
2019-03-18,9.098960012150055,9.3650677055685,9.07972348087789,9.240029335021973,35919827,ORA.PA
2019-03-25,9.230411814190779,9.310564745075306,9.124609358365607,9.29773998260498,27536555,ORA.PA
2019-04-01,9.397128960965242,9.560641004917793,9.284914741211338,9.528579711914062,26702621,ORA.PA
2019-04-08,9.515755495321729,9.551022978531932,9.288120866947784,9.336213111877441,28977254,ORA.PA
2019-04-15,9.313768960600202,9.419570789417216,9.278502092006692,9.377891540527344,22042155,ORA.PA
2019-04-22,9.377893213237863,9.416366890360248,9.041251137369999,9.211174964904785,24237783,ORA.PA
2019-04-29,9.195141933103855,9.236821177236134,8.82002628984064,8.93224048614502,32621340,ORA.PA
2019-05-06,8.836056417990909,9.03162970944674,8.781552416020505,8.803995132446289,28473671,ORA.PA
2019-05-13,8.784760065335307,8.871325367233359,8.602011502340485,8.864912986755371,34286691,ORA.PA
2019-05-20,8.8264395225355,9.066898275778932,8.781553472764328,8.94506549835205,32185572,ORA.PA
2019-05-27,8.967508664681423,9.060486347434363,8.868119212942766,9.002776145935059,33482395,ORA.PA
2019-06-03,8.951478054931892,9.073310223241338,8.691782767536598,8.800790786743164,33716748,ORA.PA
2019-06-10,9.060112075548636,9.208584671406049,9.040315939203591,9.119501113891602,18325909,ORA.PA
2019-06-17,9.106304724571524,9.370255330781992,9.096406340848175,9.188789367675781,40530470,ORA.PA
2019-06-24,9.198686326803724,9.208584709671293,9.06671103510863,9.149195671081543,22589316,ORA.PA
2019-07-01,9.192089313088978,9.297669561134361,9.109604665640033,9.211885452270508,23832733,ORA.PA
2019-07-08,9.20528565949618,9.238279641219249,8.806060305639834,8.84565258026123,30166812,ORA.PA
2019-07-15,8.839054467738706,8.8720478208272,8.69058186160899,8.726875305175781,25280940,ORA.PA
2019-07-22,8.713677653455987,8.95783212170324,8.631193010292407,8.921539306640625,37921801,ORA.PA
2019-07-29,8.88524523093626,9.063411720270018,8.759868229823763,8.842352867126465,36885277,ORA.PA
2019-08-05,8.799461762654294,8.875347483372215,8.667486459382284,8.7169771194458,35183800,ORA.PA
2019-08-12,8.743372335495255,8.951233363179478,8.644391013609033,8.881946563720703,36700132,ORA.PA
2019-08-19,8.908340828691763,8.997424388012561,8.835754574416207,8.842352867126465,30014211,ORA.PA
2019-08-26,8.829155734444035,9.149195903601703,8.822556812364615,9.106304168701172,26260636,ORA.PA
2019-09-02,9.126102102179864,9.192090077348638,8.994126781150287,9.033719062805176,23626295,ORA.PA
2019-09-09,8.967729036330255,9.205284543173917,8.786262473513704,9.152494430541992,37071572,ORA.PA
2019-09-16,9.129400738239621,9.41314812477312,9.063412769038557,9.403249740600586,41637117,ORA.PA
2019-09-23,9.370256353227271,9.51213005553655,9.314166764623787,9.498932838439941,28024230,ORA.PA
2019-09-30,9.469238196171464,9.58471620424277,9.215185319798701,9.426345825195312,32612202,ORA.PA
2019-10-07,9.386752036102179,9.78927684213281,9.383452575072274,9.76948070526123,30661526,ORA.PA
2019-10-14,9.736487029795594,9.851965652234513,9.673798526875974,9.848666191101074,29018875,ORA.PA
2019-10-21,9.838768866255393,9.884960068477533,9.61441051950568,9.686997413635254,29844383,ORA.PA
2019-10-28,9.67379989814472,9.706793884848175,9.254777714419163,9.498932838439941,42342009,ORA.PA
2019-11-04,9.535225539453933,9.535225539453933,9.376855160406475,9.426345825195312,32213471,ORA.PA
2019-11-11,9.436243873704308,9.743086865494755,9.383453749235835,9.568219184875488,28853283,ORA.PA
2019-11-18,9.621008778202995,9.812373126163656,9.597913178686552,9.782678604125977,33189648,ORA.PA
2019-11-25,9.80577503818913,10.148911486802353,9.71669209380234,9.898158073425293,44055533,ORA.PA
2019-12-02,9.76288243339076,9.7661818946404,8.928137616467946,8.967730522155762,56155962,ORA.PA
2019-12-09,9.123811537694333,9.147378475490726,8.925175001766327,8.938641548156738,40504354,ORA.PA
2019-12-16,8.958843231201172,9.106978467135596,8.861208030918478,8.958843231201172,48944263,ORA.PA
2019-12-23,8.935276482780528,8.965576376391585,8.847741673040328,8.884775161743164,11429698,ORA.PA
2019-12-30,8.871306920417982,8.95210811964364,8.834272796632987,8.92854118347168,17619616,ORA.PA
2020-01-06,8.91507358010102,8.958841295651409,8.800605059331906,8.834272384643555,33149055,ORA.PA
2020-01-13,8.830905409435442,8.857839140710299,8.598602217996351,8.77367115020752,40570956,ORA.PA
2020-01-20,8.77703753569893,8.881405659230712,8.736637261754721,8.814071655273438,28899150,ORA.PA
2020-01-27,8.753472327730897,8.884774207158571,8.591869915796696,8.622170448303223,40032222,ORA.PA
2020-02-03,8.622169520409349,8.669303391613347,8.447099938579015,8.612069129943848,37966516,ORA.PA
2020-02-10,8.608703610411167,9.100245102765582,8.544735745606971,8.99587631225586,49812366,ORA.PA
2020-02-17,9.036276790542829,9.120444792956864,8.968942131751241,9.046377182006836,31170143,ORA.PA
2020-02-24,9.002609255760238,9.022809396076505,8.059927907089874,8.208063125610352,83178695,ORA.PA
2020-03-02,8.292230298162464,8.477400266051,8.063293899084295,8.147461891174316,70346381,ORA.PA
2020-03-09,7.770388683953286,7.901690540716303,6.385993771479206,6.469488143920898,129423725,ORA.PA
2020-03-16,6.2243920945963165,7.911791829387968,5.95236093438581,7.497685432434082,112370476,ORA.PA
2020-03-23,7.645820977568186,7.999326970524536,7.204780827806419,7.3630170822143555,60482863,ORA.PA
2020-03-30,7.292316021656547,7.66938897279908,7.150913745246964,7.396684169769287,42409709,ORA.PA
2020-04-06,7.501052962610076,7.861291927309205,7.440451895249301,7.652554988861084,30604228,ORA.PA
2020-04-13,7.652554988861084,7.854558332680024,7.4842189760371225,7.652554988861084,29985121,ORA.PA
2020-04-20,7.655920793726238,7.7501891798618265,7.413517197857239,7.531352519989014,29067793,ORA.PA
2020-04-27,7.615520758323225,7.6929551625371975,7.430350777025754,7.497685432434082,28134783,ORA.PA
2020-05-04,7.3865825815284145,7.433716447883453,7.171112102153733,7.22161340713501,29421071,ORA.PA
2020-05-11,7.245181146703093,7.299048612004534,6.777206658939417,6.810873985290527,34932507,ORA.PA
2020-05-18,6.868107201865219,7.1677456544082565,6.777205627201014,6.9219746589660645,35166384,ORA.PA
2020-05-25,6.965743848332673,7.41688437896191,6.837808128938836,7.30241584777832,46435737,ORA.PA
2020-06-01,7.383216751384554,7.793956342888829,7.2822147703534075,7.767022609710693,43976264,ORA.PA
2020-06-08,7.8588941679428315,7.961759012911176,7.0222577847380965,7.138838291168213,52370356,ORA.PA
2020-06-15,7.063403570255858,7.478292487489009,6.939965242616851,7.245131492614746,57721976,ORA.PA
2020-06-22,7.200557197280697,7.313708784220874,6.970825108159889,7.125123023986816,32159880,ORA.PA
2020-06-29,7.131979457991872,7.464577007705023,7.121693367340055,7.365140438079834,32111927,ORA.PA
2020-07-06,7.474864386161181,7.622304481559564,7.08397717808082,7.197128772735596,34669704,ORA.PA
2020-07-13,7.241703493742943,7.557156500466567,7.234845663292738,7.54686975479126,30563127,ORA.PA
2020-07-20,7.543440580758959,7.6428771568792415,7.296564579010011,7.29656457901001,28849581,ORA.PA
2020-07-27,7.275991689309468,7.323995850780017,6.747951145123332,6.79732608795166,42494235,ORA.PA
2020-08-03,6.811040698618219,6.991397173147946,6.614911084925377,6.654685974121094,32572740,ORA.PA
2020-08-10,6.673888087764782,6.9433944155178,6.6258839285680065,6.793211460113525,26545280,ORA.PA
2020-08-17,6.795954014990748,6.8885327598565995,6.68760278400663,6.741092681884766,25970319,ORA.PA
2020-08-24,6.790467968043494,7.008541855411326,6.477757860233808,6.564164161682129,35533068,ORA.PA
2020-08-31,6.58885283942579,6.6107977670184965,6.281629085117795,6.321403980255127,57827938,ORA.PA
2020-09-07,6.363920687624359,6.645085190420454,6.261055848942414,6.512046813964844,41365531,ORA.PA
2020-09-14,6.557306751156361,6.684859373013811,6.4736426690359306,6.525761127471924,102739135,ORA.PA
2020-09-21,6.514789111936151,6.514789111936151,6.096471309661865,6.096471309661865,46832048,ORA.PA
2020-09-28,6.17464843456051,6.247339730137592,5.919543182459702,6.062182903289795,37197331,ORA.PA
2020-10-05,6.114301858626554,6.491473372677492,6.112929769354748,6.470900535583496,39055846,ORA.PA
2020-10-12,6.583366952797046,6.701318892259761,6.443470086225732,6.517532825469971,40034751,ORA.PA
2020-10-19,6.514789893055812,6.590224066904289,6.254198218853734,6.527133464813232,28263110,ORA.PA
2020-10-26,6.451698634875987,6.678001787406821,6.070412190490538,6.603939056396484,45739653,ORA.PA
2020-11-02,6.651943028751923,6.658800859071973,6.424268424915584,6.464042663574219,37995186,ORA.PA
2020-11-09,6.560049663187472,7.186840641534055,6.461299140152739,7.087404727935791,53817866,ORA.PA
2020-11-16,7.186841798286943,7.289707297254022,7.0291156154689824,7.138838291168213,33475955,ORA.PA
2020-11-23,7.200556534556154,7.45086143808343,7.022256882455087,7.330852031707764,37675771,ORA.PA
2020-11-30,7.341139372784067,7.36514112520907,7.104549455740015,7.231416702270508,43966715,ORA.PA
2020-12-07,6.97768286078584,7.131980120892452,6.79321140849938,6.794582843780518,44068542,ORA.PA
2020-12-14,7.100973356222381,7.224289034554805,6.841511741609272,7.092419624328613,56918121,ORA.PA
2020-12-21,6.995477383068833,6.995477383068833,6.78306097987549,6.949857711791992,23803093,ORA.PA
2020-12-28,7.008308838640312,7.066758776302564,6.8842807397561945,6.9384541511535645,16042986,ORA.PA
2021-01-04,7.009734152720317,7.455951010301552,7.004032117858834,7.245673179626465,37672201,ORA.PA
2021-01-11,7.234979807541374,7.349029325625825,6.914217279877145,6.949857711791992,46816141,ORA.PA
2021-01-18,6.928473365564823,6.999753545916506,6.780209611543408,6.834383010864258,30922582,ORA.PA
2021-01-25,6.892833274305133,7.188647702777424,6.747420530010501,6.917068958282471,47942741,ORA.PA
2021-02-01,6.945581726004156,7.053927858894685,6.899962051182183,7.016861915588379,35343003,ORA.PA
2021-02-08,7.04965127684546,7.079588997019323,6.902813013412316,6.947007179260254,31964534,ORA.PA
2021-02-15,6.979795916792327,7.199340557641133,6.741718984222452,6.959837436676025,49102165,ORA.PA
2021-02-22,6.919920815342312,7.033969667183647,6.805871963500977,6.805871963500977,44061682,ORA.PA
2021-03-01,6.872876294919042,7.059631545802463,6.807298130787111,7.036821365356445,34122873,ORA.PA
2021-03-08,7.069611012572962,7.3312105831344665,7.028267856603112,7.299134254455566,37072659,ORA.PA
2021-03-15,7.3240813287819275,7.612768246283586,7.320517897016518,7.455950736999512,63447121,ORA.PA
2021-03-22,7.448821314591291,7.545050271598368,7.345464815416206,7.452385425567627,37569894,ORA.PA
2021-03-29,7.455950041831764,7.609203425276828,7.421735117967936,7.461652755737305,31159862,ORA.PA
2021-04-05,7.461653935616692,7.5386368466985765,7.424587988831367,7.465930461883545,21398966,ORA.PA
2021-04-12,7.4645036793698525,7.470205713419318,7.213595827006528,7.377541542053223,38081015,ORA.PA
2021-04-19,7.388946231931144,7.497292355652112,7.284876633713703,7.346177577972412,34954088,ORA.PA
2021-04-26,7.3419011101052725,7.477333935765848,7.3105372036944205,7.377541542053223,27912506,ORA.PA
2021-05-03,7.377542584500362,7.527231876005102,7.351881388297745,7.471632957458496,29709545,ORA.PA
2021-05-10,7.484463002665104,7.555743874604395,7.354732196415066,7.525805473327637,28164629,ORA.PA
2021-05-17,7.542912199145981,7.652684513663694,7.331921980882664,7.507271766662598,35779205,ORA.PA
2021-05-24,7.505846703145335,7.569999349462049,7.401777096377242,7.467355251312256,37695372,ORA.PA
2021-05-31,7.4773349987712905,7.538636632010795,7.420310571461646,7.494442462921143,18950778,ORA.PA
2021-06-07,7.507272400865098,7.565723014180933,7.344752857944516,7.421735763549805,33382451,ORA.PA
2021-06-14,7.4274386144715425,7.484463040396544,7.010447075029487,7.049651622772217,39279102,ORA.PA
2021-06-21,7.394171700011424,7.4525645226076485,7.152365771523301,7.19279146194458,35765362,ORA.PA
2021-06-28,7.20776495544375,7.273643494057616,7.122421426943585,7.190546035766602,28985341,ORA.PA
2021-07-05,7.19428855026158,7.207764256264537,6.949488339553346,7.100710391998291,38413252,ORA.PA
2021-07-12,7.104454485631737,7.240704420913773,7.08049878256765,7.181563377380371,27911660,ORA.PA
2021-07-19,7.147126769153601,7.156110336940072,6.955478988913475,7.129908561706543,30047445,ORA.PA
2021-07-26,7.102957921096312,7.2436992944196605,6.864895157513785,7.033336162567139,46667823,ORA.PA
2021-08-02,7.0475593093213575,7.147126769153601,7.0108768239944155,7.129908561706543,22435790,ORA.PA
2021-08-09,7.12990928723829,7.234716398837467,7.09921536801573,7.206269264221191,20565225,ORA.PA
2021-08-16,7.188300128519952,7.383691087065223,7.145628367540654,7.351500034332275,29590228,ORA.PA
2021-08-23,7.381446959288331,7.403906237678475,7.214503797468624,7.245945930480957,18992042,ORA.PA
2021-08-30,7.232469855964774,7.288616615676722,7.0962199192865185,7.148623466491699,30634098,ORA.PA
2021-09-06,7.15161833494267,7.194289386066105,6.969702351298316,7.003389835357666,24571336,ORA.PA
2021-09-13,7.01162601663474,7.078253492448508,6.956227465519054,7.001893520355225,31656143,ORA.PA
2021-09-20,6.962215893154835,7.042318354338424,6.891096285047638,6.984674453735352,26958664,ORA.PA
2021-09-27,6.9944076002305335,7.141886470835626,6.91205834719124,6.947243690490723,39404907,ORA.PA
2021-10-04,6.9247850321380575,7.137394945260965,6.9128071798080635,7.073012828826904,40160182,ORA.PA
2021-10-11,7.056542360708097,7.177820159977906,6.956975622107004,7.120924472808838,38202358,ORA.PA
2021-10-18,7.1119401825418995,7.296850433095029,7.04007236676174,7.236212253570557,38803346,ORA.PA
2021-10-25,7.227976671599126,7.251933085393979,6.891844376002199,7.063279628753662,54656577,ORA.PA
2021-11-01,7.066275321078149,7.230224182572667,7.066275321078149,7.204022407531738,35423907,ORA.PA
2021-11-08,7.187551937688954,7.415133972308226,7.145629100403903,7.382943630218506,30496473,ORA.PA
2021-11-15,7.350003726543746,7.4345983301102665,7.164344527177873,7.231720924377441,33676237,ORA.PA
2021-11-22,7.279632228658741,7.485503895733388,7.174076218056228,7.236212253570557,45436906,ORA.PA
2021-11-29,7.224235337049634,7.26091853827383,6.820726549087278,6.901577949523926,59383332,ORA.PA
2021-12-06,6.923287485056263,7.021357082326842,6.829709314417522,6.906069278717041,39584471,ORA.PA
2021-12-13,6.710677871578014,6.974194188433397,6.682230026524466,6.965959548950195,56206970,ORA.PA
2021-12-20,7.1552279674900605,7.285224714042571,7.073206360082263,7.261237144470215,29243468,ORA.PA
2021-12-27,7.261237948861988,7.315403696392605,7.225644010545183,7.28367805480957,18061340,ORA.PA
2022-01-03,7.298379746232792,7.38194882505661,7.248857137833488,7.296058177947998,41698037,ORA.PA
2022-01-10,7.3471279892281025,7.737117501723571,7.299152848757178,7.7123565673828125,47494898,ORA.PA
2022-01-17,7.722415105120328,7.753367378512697,7.436113217726255,7.658191204071045,39166007,ORA.PA
2022-01-24,7.668250147304142,8.124785851305491,7.668250147304142,8.103119850158691,63267965,ORA.PA
2022-01-31,8.124787546901569,8.155739088991094,7.8988412158537376,8.113954544067383,47099696,ORA.PA
2022-02-07,8.113953099204464,8.463705536329494,8.044311957418385,8.449777603149414,47795219,ORA.PA
2022-02-14,8.36001730278177,8.635486179182994,8.208354563467465,8.520965576171875,48676283,ORA.PA
2022-02-21,8.51168207237663,8.599894298166458,8.208356521396162,8.428112983703613,56766419,ORA.PA
2022-02-28,8.282639858485732,8.47918208847531,7.960743271970498,8.070621490478516,53502834,ORA.PA
2022-03-07,7.925148775062955,8.273354508841548,7.654322995165364,8.118596076965332,61735192,ORA.PA
2022-03-14,8.216093835423885,8.310495918093961,8.107763080627754,8.157285690307617,54503619,ORA.PA
2022-03-21,8.12478713415663,8.358471523341255,8.12478713415663,8.356924057006836,29847161,ORA.PA
2022-03-28,8.364660734167801,8.483823739453364,8.220735319881976,8.339899063110352,31558444,ORA.PA
2022-04-04,8.356924072706663,8.573584856733849,8.199070699212513,8.539538383483887,32908148,ORA.PA
2022-04-11,8.53025307415036,8.740723260477123,8.440493382714322,8.711319923400879,28177098,ORA.PA
2022-04-18,8.711318598472396,8.734532066504286,8.488467239126292,8.59370231628418,24447770,ORA.PA
2022-04-25,8.559656050858933,8.813458952930675,8.505490306905989,8.757745742797852,38161108,ORA.PA
2022-05-02,8.708224182624381,9.040953803428678,8.013361604176154,8.95583724975586,35258677,ORA.PA
2022-05-09,8.94655201912969,9.139999342399932,8.929528412636614,9.027026176452637,37564312,ORA.PA
2022-05-16,9.014644139179584,9.135355364049342,8.895481118529078,8.962026596069336,32871524,ORA.PA
2022-05-23,8.992978576930492,9.23749597122715,8.974407504816806,9.056429862976074,31272149,ORA.PA
2022-05-30,9.034762498930675,9.073452106849835,8.836672798540063,8.94190788269043,41784934,ORA.PA
2022-06-06,8.975954953887646,8.975954953887646,8.23156909327717,8.358470916748047,37732502,ORA.PA
2022-06-13,8.794744811930077,8.850864177281625,8.653643601090451,8.769089698791504,41299387,ORA.PA
2022-06-20,8.72740098762146,8.951879982761595,8.72259108387957,8.903777122497559,33377198,ORA.PA
2022-06-27,8.906984324859106,9.107411521081069,8.873312702691079,9.043274879455566,31380997,ORA.PA
2022-07-04,9.100997687253008,9.169944228183708,8.38907994396983,8.494905471801758,41612373,ORA.PA
2022-07-11,8.490096942145366,8.639214685990728,8.357012977909719,8.45963191986084,28607396,ORA.PA
2022-07-18,8.456423597973814,8.502922390416567,8.082826898977656,8.111688613891602,35708635,ORA.PA
2022-07-25,8.137343151634438,8.27363369435351,7.799824161836872,8.014681816101074,39868446,ORA.PA
2022-08-01,7.985020351290626,8.143758670364415,7.85835035633571,8.113293647766113,27602999,ORA.PA
2022-08-08,8.137344699712978,8.251187517934177,8.014683340844066,8.113293647766113,25405949,ORA.PA
2022-08-15,8.127723469170308,8.365029660127146,8.078018067773,8.320134162902832,24912816,ORA.PA
2022-08-22,8.302496237083833,8.326547286851243,7.99143359777552,8.037932395935059,24547653,ORA.PA
2022-08-29,8.025104356631813,8.228738136188486,7.989027403579072,8.16299819946289,27215010,ORA.PA
2022-09-05,8.098862648010254,8.204688187245134,8.039535908154386,8.098862648010254,23774222,ORA.PA
2022-09-12,8.086035016104777,8.280048238904653,8.06198320249386,8.071603775024414,38419867,ORA.PA
2022-09-19,8.078017198510512,8.082827102165918,7.732480937437531,7.78378963470459,32343651,ORA.PA
2022-09-26,7.784592550344334,7.789402454545168,7.403780561006215,7.41420316696167,40504826,ORA.PA
2022-10-03,7.406184226284694,7.633869794331615,7.281117570419674,7.380529880523682,38308181,ORA.PA
2022-10-10,7.3949619173554995,7.534459076622455,7.324411304748577,7.471925735473633,28351874,ORA.PA
2022-10-17,7.4855540634420015,7.73408409742255,7.468718254102,7.576147079467773,34601244,ORA.PA
2022-10-24,7.5641225009374935,7.731679338491484,7.349264069654254,7.653111457824707,40916302,ORA.PA
2022-10-31,7.681972482947203,7.871977815407479,7.648300864796239,7.824676990509033,30718390,ORA.PA
2022-11-07,7.824676815688193,7.910459160313033,7.675559106801986,7.758936882019043,36544452,ORA.PA
2022-11-14,7.765350620892805,7.909658436324803,7.7132398900807075,7.861555576324463,35641086,ORA.PA
2022-11-21,7.897632648013479,8.011475447905276,7.852737154389345,7.960968017578125,31249472,ORA.PA
2022-11-28,7.970588217370562,7.987424026693117,7.693998501443313,7.739696025848389,52570217,ORA.PA
2022-12-05,7.492770304914612,7.649905311042307,7.346057904766513,7.455090045928955,39199768,ORA.PA
2022-12-12,7.69087828546588,7.744660303457389,7.525394242695667,7.595725059509277,50178695,ORA.PA
2022-12-19,7.612273270659907,7.761209307638985,7.532841085846483,7.743833541870117,31407096,ORA.PA
2022-12-26,7.743833963282536,7.785205174593684,7.671020662938525,7.679295063018799,15992896,ORA.PA
2023-01-02,7.686741110599049,8.27421005614925,7.6859133550192045,8.18402099609375,39297593,ORA.PA
2023-01-09,8.202224440100196,8.259316690959169,8.05990808528388,8.207188606262207,37470798,ORA.PA
2023-01-16,8.100451932929204,8.137685942777786,7.848916019365797,7.957307815551758,40650602,ORA.PA
2023-01-23,7.979648699803912,8.017709676950867,7.848088423777686,7.898561000823975,26653259,ORA.PA
2023-01-30,7.9060068286458565,8.070663092784411,7.895249953099593,7.935793399810791,32615196,ORA.PA
2023-02-06,7.951515260779976,8.025983274551225,7.872083080999371,8.016054153442383,31783469,ORA.PA
2023-02-13,8.015227401226447,8.906359534570672,8.000333324620012,8.864988327026367,54845383,ORA.PA
2023-02-20,8.919598752080184,9.048676550290988,8.84182128653808,9.003995895385742,34341806,ORA.PA
2023-02-27,8.985791609039351,9.085082032504465,8.828581969158789,8.89146614074707,28005547,ORA.PA
2023-03-06,8.926219665129473,9.02385538838339,8.856716589900712,8.999032974243164,29134704,ORA.PA
2023-03-13,8.994066540529554,8.994066540529554,8.745840072631836,8.745840072631836,60644803,ORA.PA
2023-03-20,8.740875010133559,9.017233304012485,8.699503804876985,8.835201263427734,39308834,ORA.PA
2023-03-27,8.95434962011302,9.195957187824321,8.903050080343013,9.061914443969727,38241911,ORA.PA
2023-04-03,9.071843444349355,9.551747551100664,8.989101819548521,9.482244491577148,25899087,ORA.PA
2023-04-10,9.482243222911173,9.54181715323354,9.295246244753972,9.315104484558105,21989939,ORA.PA
2023-04-17,9.308487139078796,9.583190754247566,9.26711592730929,9.545129776000977,27797170,ORA.PA
2023-04-24,9.535199113147279,9.824795970567356,9.354821006173031,9.776805877685547,43415183,ORA.PA
2023-05-01,9.776806494649172,9.776806494649172,9.568296523203502,9.629525184631348,24218219,ORA.PA
2023-05-08,9.649383433914359,9.712267606527902,9.507067079051694,9.566641807556152,23392964,ORA.PA
2023-05-15,9.591465234941824,9.619597880126532,9.167825569482378,9.366406440734863,23696277,ORA.PA
2023-05-22,9.38130001097602,9.694064590080432,9.280354069495678,9.424325942993164,28870494,ORA.PA
2023-05-29,9.457423261030645,9.47397127241592,9.000686783897619,9.12645435333252,43029853,ORA.PA
2023-06-05,8.878227916630784,8.989102986584601,8.702814733934936,8.711089134216309,27137747,ORA.PA
2023-06-12,9.059486733717353,9.064637698502967,8.789899925808017,8.918683052062988,29905614,ORA.PA
2023-06-19,8.913531882335981,8.928985595120656,8.762426274584632,8.901512145996094,21378133,ORA.PA
2023-06-26,8.886058400773834,9.280994347892296,8.827675888726782,9.18826961517334,29630130,ORA.PA
2023-07-03,9.219178530603726,9.2809950235835,8.73838740619367,8.870604515075684,26939394,ORA.PA
2023-07-10,8.87918996411403,9.088678091264255,8.855150490615065,9.006256103515625,20631949,ORA.PA
2023-07-17,8.990801620051329,9.313618315137093,8.862017684617319,9.241499900817871,25727433,ORA.PA
2023-07-24,9.280993992335054,9.411494098375547,8.82424157423559,8.91696548461914,31360264,ORA.PA
2023-07-31,8.89636139118713,8.91353209259924,8.568392069479467,8.66455078125,29112756,ORA.PA
2023-08-07,8.664549337449508,8.832826440920048,8.623338350874514,8.810503959655762,17556363,ORA.PA
2023-08-14,8.817372355919904,8.889490760580653,8.707476942241925,8.812220573425293,17170040,ORA.PA
2023-08-21,8.781312707701305,8.867168656804871,8.748687479793272,8.810503959655762,13773675,ORA.PA
2023-08-28,8.829393290994906,9.001104386483352,8.829393290994906,8.954742431640625,18904200,ORA.PA
2023-09-04,8.970197412283353,9.306751698308224,8.76757804531633,9.267257690429688,21426720,ORA.PA
2023-09-11,9.313618460957374,9.559165781166891,9.30675050831454,9.495633125305176,31611041,ORA.PA
2023-09-18,9.481895211311917,9.717139774566116,9.456138752343252,9.524823188781738,25768338,ORA.PA
2023-09-25,9.529975339664684,9.552297823307907,9.196855073176138,9.323921203613281,22874329,ORA.PA
2023-10-02,9.323920331127677,9.514519918339591,9.196854212580742,9.430381774902344,25110549,ORA.PA
2023-10-09,9.421796564381088,9.523106231270662,9.334223621066712,9.478461265563965,23935570,ORA.PA
2023-10-16,9.51280437582429,9.519673147647447,9.23634961516834,9.303317070007324,21239302,ORA.PA
2023-10-23,9.27584249778114,9.511087076145028,9.049183679219288,9.452705383300781,24917115,ORA.PA
2023-10-30,9.46815919851374,9.674212523296713,9.432099989494189,9.56775188446045,20428768,ORA.PA
2023-11-06,9.562601130765241,9.59866116245107,9.344528046159072,9.488765716552734,19575674,ORA.PA
2023-11-13,9.502501078732191,9.581488265613,9.322204221313319,9.509369850158691,25171129,ORA.PA
2023-11-20,9.461291783125157,9.6038116390776,9.414929004571121,9.588357925415039,15029715,ORA.PA
2023-11-27,9.615829723937392,9.799560543132822,9.596942036880192,9.772087097167969,29692067,ORA.PA
2023-12-04,9.514520441437659,9.645021361940625,9.411493786779928,9.524823188781738,22411181,ORA.PA
2023-12-11,9.787961517140099,9.854977535711695,9.287099380473547,9.311790466308594,38723965,ORA.PA
2023-12-18,9.329424972393781,9.345297030667155,9.117793604323387,9.234190940856934,19042255,ORA.PA
2023-12-25,9.234191380984496,9.234191380984496,9.066649242565342,9.08604907989502,10089104,ORA.PA
2024-01-01,9.086049398669845,9.504021763621488,9.086049398669845,9.440532684326172,16975776,ORA.PA
2024-01-08,9.440532126758432,9.495203018188477,9.248299749591592,9.495203018188477,21751629,ORA.PA
2024-01-15,9.671562856618449,9.900829745603653,9.615127658408031,9.879667282104492,22406727,ORA.PA
2024-01-22,9.884958394041977,10.026045979174867,9.80559641716764,9.851449966430664,18520945,ORA.PA
2024-01-29,9.85674132805768,9.874376855930274,9.62218233204988,9.662745475769043,24129507,ORA.PA
2024-02-05,9.652163613866739,9.67332691961472,9.2606449803741,9.27475357055664,21291391,ORA.PA
2024-02-12,9.276516960658727,9.560455568612822,9.265935308833605,9.493438720703125,25857732,ORA.PA
2024-02-19,9.53576616055097,9.616891604327636,9.297680235121303,9.495203018188477,24077476,ORA.PA
2024-02-26,9.491675993769244,9.55869284691469,9.311789580584865,9.325898170471191,24036898,ORA.PA
2024-03-04,9.34353312985997,9.421131630942199,9.19715515214254,9.350587844848633,21916981,ORA.PA
2024-03-11,9.359406529505904,9.440531971952273,9.140720444526785,9.280044555664062,42042760,ORA.PA
2024-03-18,9.255354828260767,9.408787537719373,9.239481928040265,9.364697456359863,19956135,ORA.PA
2024-03-25,9.357643410165132,9.632763864550894,9.295916961012988,9.601018905639648,19409507,ORA.PA
2024-04-01,9.629237039670693,9.690962648595393,9.413196567485892,9.444059371948242,22792797,ORA.PA
2024-04-08,9.422014343653077,9.439649870746731,9.135429249609292,9.20156478881836,26235619,ORA.PA
2024-04-15,9.201564956042645,9.6116004290904,9.09134017662212,9.571919441223145,31616095,ORA.PA
2024-04-22,9.607192265946656,9.801187274020908,9.157474959964063,9.166293144226074,42447366,ORA.PA
2024-04-29,9.210383159084696,9.320607948794942,9.131021175941573,9.214792251586914,23424742,ORA.PA
2024-05-06,9.228019463884666,9.417606235398338,9.170702102709257,9.325016975402832,27842583,ORA.PA
2024-05-13,9.329425869329757,9.545466350123737,9.329425869329757,9.53223991394043,27308770,ORA.PA
2024-05-20,9.532239530269308,9.580737862570023,9.294153597172098,9.413196563720703,24915213,ORA.PA
2024-05-27,9.435241373275195,9.514603352568228,9.307381060707375,9.457286834716797,38314485,ORA.PA
2024-06-03,9.52342110968232,9.642464073278575,8.86648152528019,8.870890617370605,43611074,ORA.PA
2024-06-10,9.169035826551863,9.22130993173029,8.429863939122635,8.52157211303711,62108488,ORA.PA
2024-06-17,8.572928761009807,8.818708626227322,8.464712468577291,8.769186019897461,39612360,ORA.PA
2024-06-24,8.76918537664611,8.816873938443745,8.486722087659423,8.578431129455566,26634387,ORA.PA
2024-07-01,8.76368233756802,8.965441703796387,8.58026512945234,8.965441703796387,30915174,ORA.PA
2024-07-08,8.961774776656188,9.244237226086776,8.910417252085068,9.1158447265625,35535686,ORA.PA
2024-07-15,9.121346654064093,9.363457546476825,9.086497252931684,9.349700927734375,26596910,ORA.PA
2024-07-22,9.381799415196888,9.459751843726973,9.221309892872274,9.41848373413086,28578140,ORA.PA
2024-07-29,9.445996600462568,9.487265586853027,9.326775181401503,9.487265586853027,27159922,ORA.PA
2024-08-05,9.381799138171342,9.45516689927058,9.158030396736287,9.299262046813965,33628842,ORA.PA
2024-08-12,9.335945634288514,9.473508329944885,9.244236587449407,9.4047269821167,20065562,ORA.PA
2024-08-19,9.427653586264876,9.519362630961362,9.303847512907568,9.423068046569824,18605066,ORA.PA
2024-08-26,9.40472634996712,9.647754695533717,9.40472634996712,9.445995330810547,22489675,ORA.PA
2024-09-02,9.473508264146997,9.936637285723487,9.473508264146997,9.899953842163086,26603752,ORA.PA
2024-09-09,9.877026573735272,10.005418183121654,9.776146452529122,9.968734741210938,24142395,ORA.PA
2024-09-16,9.932052612304688,10.065030653436956,9.817416731853708,9.932052612304688,34274405,ORA.PA
2024-09-23,9.932051442524497,9.964149345333956,9.48267905398754,9.565217018127441,34893967,ORA.PA
2024-09-30,9.551460053286869,9.565216671679345,8.84622017638016,8.967275619506836,52143364,ORA.PA
2024-10-07,9.005794201557237,9.358872912006657,8.936096267154076,9.212139129638672,26332946,ORA.PA
2024-10-14,9.21672399487387,9.478093634906335,9.184626091656165,9.33135986328125,31008932,ORA.PA
2024-10-21,9.303847948820163,9.308432614127751,9.17545545514997,9.262578964233398,9838413,ORA.PA
2018-06-18,91.46502474804629,92.52211347212655,89.46731057120331,90.39002227783203,7118721,SAP.DE
2018-06-25,89.94208831597892,90.28250411286453,86.69019374630403,88.64311981201172,14403551,SAP.DE
2018-07-02,87.79209488834387,89.56585654743728,87.29938141784591,89.09105682373047,9866591,SAP.DE
2018-07-09,89.58377562245855,92.61170477800576,89.30606810513281,92.07420349121094,10017375,SAP.DE
2018-07-16,92.07419411899727,94.134623482463,89.19855603439093,89.5748062133789,13810083,SAP.DE
2018-07-23,89.20751067036782,93.22085932791936,89.07313366218985,92.39669036865234,10333505,SAP.DE
2018-07-30,91.82335576677713,92.14585785575828,88.27583962268302,89.37771606445312,10111720,SAP.DE
2018-08-06,89.70917815065563,90.53334711549711,87.82792052753537,88.37438201904297,9433453,SAP.DE
2018-08-13,88.76854411648912,91.75168495181616,88.67896172381923,91.3575210571289,10051965,SAP.DE
2018-08-20,91.21418786418798,93.14920043945312,91.16043979310798,93.14920043945312,6739973,SAP.DE
2018-08-27,93.4358681690933,94.02711745481257,92.03835680933196,92.82669830322266,7988143,SAP.DE
2018-09-03,92.28920162529822,93.14921187636332,88.30272638776553,90.08544158935547,10745801,SAP.DE
2018-09-10,90.08542700735393,93.72253231653897,89.96001028993705,93.34627532958984,9409506,SAP.DE
2018-09-17,93.34627337032163,93.34627337032163,90.3720928695642,93.2566909790039,16177236,SAP.DE
2018-09-24,92.73710574586502,97.21629376523966,92.18169080566962,94.95878601074219,11935600,SAP.DE
2018-10-01,94.9767081351621,95.87254581807504,93.36420440673828,93.36420440673828,7904274,SAP.DE
2018-10-08,93.36419212606077,93.43586077159465,84.33414782973924,87.85478973388672,17436788,SAP.DE
2018-10-15,88.27584117993182,92.19960755215575,83.43831659457572,85.37332916259766,19628111,SAP.DE
2018-10-22,86.55584273793625,86.63646485186727,79.98935062737793,83.30394744873047,15898531,SAP.DE
2018-10-29,83.50103195850863,85.55250113038547,81.86164731222682,84.55812072753906,13881344,SAP.DE
2018-11-05,84.37894939637414,85.40020375795972,83.07102726372415,85.25686645507812,9829474,SAP.DE
2018-11-12,83.69811767820899,83.76082604464052,80.42830866353717,82.1483154296875,17613896,SAP.DE
2018-11-19,82.41706190517299,82.74852428854402,77.23016121075966,80.0430908203125,12918007,SAP.DE
2018-11-26,80.62538547659298,82.73060250820873,79.91767293946793,81.44955444335938,11394049,SAP.DE
2018-12-03,83.01726439658782,83.43830914005157,78.35891185484432,79.43391418457031,13741912,SAP.DE
2018-12-10,79.19204172180402,82.21100992673625,79.05766472077808,80.5716323852539,13112427,SAP.DE
2018-12-17,80.30287963888628,80.46413067569924,76.77327740792396,77.41828155517578,18598215,SAP.DE
2018-12-24,77.41828872759899,78.41266907428695,75.85953311712825,77.87516784667969,4831637,SAP.DE
2018-12-31,77.87516150568517,78.29620626401523,75.20556249620638,77.43620300292969,8835527,SAP.DE
2019-01-07,78.1170351956984,80.49100617861724,77.07786714425637,79.72954559326172,11323595,SAP.DE
2019-01-14,78.9770551071909,83.60853438727129,78.45746759958325,83.4024887084961,11096894,SAP.DE
2019-01-21,83.68019424605609,84.13706650516471,81.10017756074363,83.00831604003906,10704802,SAP.DE
2019-01-28,82.95457107226552,83.29499377829707,79.20101569264435,81.3331069946289,15511938,SAP.DE
2019-02-04,80.64330016751279,83.68914946595945,80.55371777176114,82.11248016357422,12275306,SAP.DE
2019-02-11,82.14830992403799,85.09561661818822,81.96914512758403,84.47749328613281,9290668,SAP.DE
2019-02-18,84.74624486874055,85.74958555105005,83.87728120807863,85.47187805175781,7386605,SAP.DE
2019-02-25,85.9018725093928,85.91083279969169,82.9545657933608,85.00603485107422,8836415,SAP.DE
2019-03-04,85.87499427846205,85.9824972527007,84.45956920713017,85.64207458496094,7886016,SAP.DE
2019-03-11,85.77645818005111,89.04626709119131,84.87166020615936,89.00147247314453,15092664,SAP.DE
2019-03-18,89.22542168058904,90.42584759290214,88.12354528363798,88.40125274658203,10375041,SAP.DE
2019-03-25,87.70250046030094,92.62960715093921,87.21874734687447,92.27127075195312,10626904,SAP.DE
2019-04-01,92.27127544123951,93.95544771695702,91.08877004877857,91.82335662841797,10818729,SAP.DE
2019-04-08,90.53334728829593,91.26793386004778,87.60396129116438,89.03730010986328,11998999,SAP.DE
2019-04-15,89.03730445397768,90.49751737884905,87.58604498472039,90.0137710571289,9303632,SAP.DE
2019-04-22,90.01377269696461,104.88467675248668,90.01377269696461,102.4300765991211,19171946,SAP.DE
2019-04-29,101.87465566309312,103.2004915187688,100.11881474076398,101.82090759277344,10011487,SAP.DE
2019-05-06,99.77838007600153,101.39089033875199,98.02253936472762,98.75712585449219,12283080,SAP.DE
2019-05-13,99.38422472016771,104.11424611602085,97.98671342797587,102.6629867553711,17432077,SAP.DE
2019-05-20,103.39091641866527,105.06144417577656,101.0303945411637,103.15486907958984,12443232,SAP.DE
2019-05-27,103.699609394612,103.91750192186169,99.77750927072482,100.2496109008789,9817321,SAP.DE
2019-06-03,99.50513483679109,103.71776048768116,98.30671559001509,103.24565887451172,11629784,SAP.DE
2019-06-10,103.24565836407196,104.31697305867205,101.64776373404442,103.08223724365234,7448547,SAP.DE
2019-06-17,104.04460187069678,108.43881035703018,103.11855347584225,107.58538818359375,17910831,SAP.DE
2019-06-24,107.58538850302828,109.6372299194336,106.18723156807447,109.6372299194336,11475953,SAP.DE
2019-07-01,111.2895995401366,113.48670039742798,109.98223053502112,111.50749206542969,9739778,SAP.DE
2019-07-08,111.36223463600285,112.63328016131312,109.76433992702601,109.90959930419922,8703754,SAP.DE
2019-07-15,110.09117861008936,111.1443315721117,98.14329564661186,101.68408203125,15560731,SAP.DE
2019-07-22,101.68407739990766,104.2443369288025,100.73986727856429,103.59065246582031,12357098,SAP.DE
2019-07-29,103.68144052714709,104.37144156387039,99.08750138565465,99.28723907470703,11597499,SAP.DE
2019-08-05,98.25224069513045,99.0148679492657,94.42092882123124,96.3093490600586,14257813,SAP.DE
2019-08-12,96.85408045581535,98.65171266322665,94.45724213038551,97.41697692871094,11267829,SAP.DE
2019-08-19,98.56092676518685,99.83197918750129,96.58171844482422,96.58171844482422,9741527,SAP.DE
2019-08-26,95.89171035466937,99.5051224697372,95.58302297441458,98.59722900390625,8219784,SAP.DE
2019-09-02,98.10697341889289,101.7385475679001,97.59855525456884,101.04855346679688,8185671,SAP.DE
2019-09-09,100.84882137566119,101.44802754162018,97.59856066956496,97.94355773925781,9695540,SAP.DE
2019-09-16,97.28988562545784,99.74119567871094,96.00067139452534,99.74119567871094,14616229,SAP.DE
2019-09-23,99.08750764038726,99.17829561568425,96.05514632006098,97.87093353271484,8764852,SAP.DE
2019-09-30,97.65302714513506,99.14197199963918,93.58566795657484,95.18355560302734,9343720,SAP.DE
2019-10-07,94.87487367607615,105.09775674083417,93.56750477921815,105.0251235961914,15916773,SAP.DE
2019-10-14,104.04460563332522,106.38697279405393,102.88250292847087,105.15223693847656,13319548,SAP.DE
2019-10-21,105.5335413274264,109.80064504773469,104.7345975196293,108.23906707763672,10300454,SAP.DE
2019-10-28,108.18458846580386,109.31037442138988,106.71379856091752,108.60221862792969,7905972,SAP.DE
2019-11-04,109.00170348480422,112.03407171305118,108.51144010921897,111.90696716308594,9671118,SAP.DE
2019-11-11,111.70722991908364,112.56065212377591,110.03670208507734,111.30775451660156,9505352,SAP.DE
2019-11-18,110.36354863530207,113.03275815279689,109.63723787948412,111.48934173583984,9952123,SAP.DE
2019-11-25,112.03406393710108,112.46984895625579,110.10932714358012,112.10669708251953,8134092,SAP.DE
2019-12-02,112.03407181476322,113.19617451645956,108.3843356576523,110.94459533691406,9715461,SAP.DE
2019-12-09,110.70853538437002,113.06905709429745,108.42063989002179,112.72406005859375,9905199,SAP.DE
2019-12-16,112.88748417444371,113.43222586263813,107.80328152249615,109.80065155029297,16343632,SAP.DE
2019-12-23,110.01853929076741,110.79932828814131,108.78380352406812,110.21827697753906,2601149,SAP.DE
2019-12-30,109.51012683322868,111.23511910522778,108.38433379941824,109.36486053466797,4497104,SAP.DE
2020-01-06,108.23907092998813,112.85117186008368,107.13143968262804,112.36090850830078,9652714,SAP.DE
2020-01-13,112.59696057677874,114.3582763671875,110.5451260397862,114.3582763671875,9501544,SAP.DE
2020-01-20,114.3945872302214,115.3024807796676,112.43353383861212,115.2116928100586,8829935,SAP.DE
2020-01-27,113.069063330655,113.9043237326452,106.47775423086689,106.968017578125,16351798,SAP.DE
2020-02-03,107.96670901716291,113.68644166742794,107.25855309271994,112.65144348144531,11865073,SAP.DE
2020-02-10,112.1430036778185,115.42958068847656,111.72537349304059,115.42958068847656,8934410,SAP.DE
2020-02-17,115.75643001433717,117.66301205003354,113.81353833136804,114.53985595703125,9706118,SAP.DE
2020-02-24,110.87196797777399,111.81617814490347,99.23277240234312,101.28460693359375,27802004,SAP.DE
2020-03-02,102.59196631542736,105.02512119183382,95.36513482918797,97.61670684814453,25826394,SAP.DE
2020-03-09,90.78935214114553,94.87487298749708,81.91015461000995,84.13449096679688,51913573,SAP.DE
2020-03-16,78.55094955730344,86.44054699041256,74.56529729201868,82.8543701171875,48619818,SAP.DE
2020-03-23,78.81423194910863,94.45723988884163,78.27857811278349,90.67132568359375,29345205,SAP.DE
2020-03-30,91.71541378406171,94.8930415697606,86.30436844304451,88.3834457397461,18198420,SAP.DE
2020-04-06,91.42487371636724,101.01223389525813,90.3354042746804,99.8682861328125,15120828,SAP.DE
2020-04-13,99.86829408192186,104.28065744731194,96.98119221230462,102.64644622802734,15835571,SAP.DE
2020-04-20,103.48170561277527,103.68143636713579,95.45592335960498,96.85408020019531,15246646,SAP.DE
2020-04-27,98.9604009641022,101.50250577788812,97.28988008914683,98.90592956542969,12375709,SAP.DE
2020-05-04,96.4182950868737,98.56092448228675,95.1835592682737,97.81645202636719,17524212,SAP.DE
2020-05-11,97.92539942975827,97.96171600317201,92.42356670112301,94.18487548828125,14855908,SAP.DE
2020-05-18,96.4364590710423,100.35855913665246,94.92935237381897,96.58171844482422,14148071,SAP.DE
2020-05-25,99.01823858857679,106.1843946383187,98.85244032658692,104.54483795166016,20370354,SAP.DE
2020-06-01,104.54483635975222,111.8031008828701,103.95533299886114,111.58203887939453,16712954,SAP.DE
2020-06-08,111.10307094390596,112.72420168591648,104.85800780452277,106.20281982421875,15541502,SAP.DE
2020-06-15,103.71584072783716,114.91641817153145,102.86843056040128,113.73741149902344,24786519,SAP.DE
2020-06-22,112.35576490352871,117.69813991732272,108.80031885361281,112.4847183227539,14166951,SAP.DE
2020-06-29,112.66893633871611,118.17711667887816,111.85837097924129,117.51392364501953,11086901,SAP.DE
2020-07-06,119.44821928714298,128.6960694571915,117.58760774881614,124.38531494140625,11638118,SAP.DE
2020-07-13,126.26438020247785,127.25916981434061,120.82988217775738,125.17747497558594,11920389,SAP.DE
2020-07-20,125.98803389815394,131.9014931330841,124.29321358042098,124.93798065185547,10173528,SAP.DE
2020-07-27,129.87507319724898,129.93033693706474,122.13784041595571,123.2247314453125,10840085,SAP.DE
2020-08-03,123.92477831576566,127.57234022028611,123.20632149523232,126.3933334350586,9080626,SAP.DE
2020-08-10,125.74856395320819,127.24074131346505,123.61160541049385,124.5695571899414,7758957,SAP.DE
2020-08-17,124.34849017207037,127.11178995367193,124.05373144902885,125.08537292480469,7337383,SAP.DE
2020-08-24,126.19069458390484,131.60676684900602,126.19069458390484,128.73292541503906,7279503,SAP.DE
2020-08-31,129.15663049396358,132.01204583667635,120.18511231154876,122.37733459472656,11227408,SAP.DE
2020-09-07,123.27999197825021,127.55389442285902,121.47464426851582,124.80902099609375,8412660,SAP.DE
2020-09-14,125.93276385934097,127.22229793772267,122.61679900797752,124.80902099609375,12434756,SAP.DE
2020-09-21,124.34847551249791,124.84586323040607,117.16389411635781,119.70613861083984,10297348,SAP.DE
2020-09-28,120.64565306552616,124.21952494103061,120.07457566248425,122.28520965576172,8594161,SAP.DE
2020-10-05,122.61681770188169,122.96684017146356,119.26401453206053,122.56155395507812,7334477,SAP.DE
2020-10-12,122.96683125805066,124.91955846286778,119.30085775216259,122.35890197753906,7727909,SAP.DE
2020-10-19,122.6536668281799,123.74055797067501,112.92684704438079,115.04537963867188,9901290,SAP.DE
2020-10-26,92.10998503391116,97.08392563122919,83.49770283872729,84.27142333984375,63320971,SAP.DE
2020-11-02,84.92541525631086,91.92578071894623,82.83452139596652,89.57697296142578,27882770,SAP.DE
2020-11-09,91.89813504323301,95.18646144493643,90.60860078957255,93.23373413085938,24437538,SAP.DE
2020-11-16,94.3206351950241,94.79960407141526,90.31385186433444,91.00467681884766,17551990,SAP.DE
2020-11-23,91.46522445120989,92.79160355132511,89.66907539891365,92.23894500732422,15971991,SAP.DE
2020-11-30,92.10999006798015,94.70749150679981,92.05472632271842,94.67064666748047,17546707,SAP.DE
2020-12-07,94.68907246998462,95.42594817304928,91.25336675312636,91.87971496582031,13772892,SAP.DE
2020-12-14,92.29419692475645,97.89448538173215,90.90334128988847,96.03386688232422,24757608,SAP.DE
2020-12-21,94.00744458424677,95.97859762015783,92.1836708914558,95.57331848144531,8215304,SAP.DE
2020-12-28,96.80759592586168,99.42352323779672,96.40231675755422,98.76033020019531,6063530,SAP.DE
2021-01-04,99.5708934675931,99.93933481710614,95.42594409729837,97.80238342285156,14991092,SAP.DE
2021-01-11,97.91292035211829,98.50242371491255,94.74433450652332,95.35225677490234,17167094,SAP.DE
2021-01-18,94.92855232267124,97.69185198999465,94.59695580039767,96.43915557861328,12192312,SAP.DE
2021-01-25,96.86286176069001,103.10791750076802,95.61016542627173,96.53126525878906,20564925,SAP.DE
2021-02-01,97.63658300190924,102.20523736323479,97.17603308208892,99.92091369628906,13335150,SAP.DE
2021-02-08,100.54727159727386,101.13677498948937,98.02345273270178,99.9946060180664,9662439,SAP.DE
2021-02-15,100.45514404307666,100.56567855126777,95.90491571443513,96.66021728515625,12887428,SAP.DE
2021-02-22,95.79438998033072,96.56811052623404,92.53369547809271,94.00745391845703,13718797,SAP.DE
2021-03-01,95.16803685811801,96.51284180483032,93.14161998552343,93.74954223632812,12631734,SAP.DE
2021-03-08,94.41273857869504,98.90770350505309,93.6942817899979,94.9101333618164,15755512,SAP.DE
2021-03-15,95.07593366139376,95.51805768202497,94.19167859269673,95.42594909667969,16212227,SAP.DE
2021-03-22,94.85486432392605,95.96018131755746,93.41794379928436,94.76274871826172,12501932,SAP.DE
2021-03-29,95.31541619542412,98.68663801427654,94.8548662674025,98.35504150390625,9614786,SAP.DE
2021-04-05,98.35503914155642,103.51319680601995,98.35503914155642,103.43951416015625,10481870,SAP.DE
2021-04-12,103.4395219976339,108.68978863780845,101.96575652974987,107.05023193359375,14341396,SAP.DE
2021-04-19,107.05023243393788,111.45308886986189,105.07907919297972,109.99774932861328,12959361,SAP.DE
2021-04-26,109.79510158254726,110.51356538346914,107.54762268066406,107.54762268066406,8981986,SAP.DE
2021-05-03,107.58447467888189,108.50557460925782,103.78954043585657,108.10028839111328,10637208,SAP.DE
2021-05-10,106.99497069970482,107.23445162053807,100.49200044820704,105.042236328125,10224239,SAP.DE
2021-05-17,106.76005732937581,108.071147181692,103.8943949189967,107.58416748046875,9112247,SAP.DE
2021-05-24,107.5841662861216,108.91398995941827,106.44165238872124,107.80892944335938,7123569,SAP.DE
2021-05-31,107.4717939286364,108.76414995582924,105.3927811256434,107.5092544555664,7068092,SAP.DE
2021-06-07,107.3594156900976,110.82443237304688,106.90990364267353,110.82443237304688,9289522,SAP.DE
2021-06-14,110.97427160903419,113.39042202212507,109.41969188522899,110.69332122802734,12326869,SAP.DE
2021-06-21,110.05651012053349,111.91076697652115,109.17621271161146,110.20635223388672,7253728,SAP.DE
2021-06-28,109.83175519200073,113.40915351807843,109.81302850007721,111.72347259521484,7918383,SAP.DE
2021-07-05,111.10538366189276,118.05415092059474,110.4498422770587,116.79925537109375,10812307,SAP.DE
2021-07-12,116.61194404547588,119.27158420488979,115.82529444225361,117.49224853515625,8645845,SAP.DE
2021-07-19,117.0427444006685,117.19257936833675,107.8651222090859,110.31873321533203,15113494,SAP.DE
2021-07-26,109.66317997939663,113.87739275768581,109.56953223551874,113.16565704345703,8583839,SAP.DE
2021-08-02,114.25199553530068,117.94177538238773,111.94822664664483,116.91162872314453,7146962,SAP.DE
2021-08-09,116.44337161435627,118.63476585246772,114.66404314508303,117.51097869873047,6389571,SAP.DE
2021-08-16,116.61194650298167,119.29031340921289,116.19989500231407,118.2789077758789,6848471,SAP.DE
2021-08-23,118.2039863236136,119.17793857212123,115.75037543920794,117.77320098876953,4829973,SAP.DE
2021-08-30,117.64209351587164,120.9947284740765,116.33100366689223,117.62335968017578,7317706,SAP.DE
2021-09-06,118.46621159680383,119.92713650484228,114.04596919878811,115.37578582763672,6788283,SAP.DE
2021-09-13,115.0386404956033,116.29354312708158,113.67136342942227,114.32691192626953,11125197,SAP.DE
2021-09-20,112.37901251946914,115.43197769347698,111.04919591942307,113.5402603149414,8668458,SAP.DE
2021-09-27,114.75770059038126,115.18848594058011,107.71527858703598,108.87653350830078,9236669,SAP.DE
2021-10-04,108.29590231110576,111.0491902639717,105.61753541087158,109.9815902709961,10283193,SAP.DE
2021-10-11,109.2511244587517,118.26016998291016,108.3708199799772,118.26016998291016,10759096,SAP.DE
2021-10-18,116.31226708070443,118.37255312177003,111.01172773763825,113.57771301269531,9865901,SAP.DE
2021-10-25,114.25199271664341,118.63477436238794,114.0834239170046,117.36114501953125,8483796,SAP.DE
2021-11-01,117.94177523869129,121.5004468056962,117.39860829990941,120.78870391845703,8726251,SAP.DE
2021-11-08,120.6201447402916,121.31313951561661,115.75038317240815,117.15512084960938,6480988,SAP.DE
2021-11-15,116.78051383293082,118.44747508489597,115.80656873822646,117.88557434082031,8958216,SAP.DE
2021-11-22,117.26748944216901,117.47351875517465,107.90257263183594,107.90257263183594,10484502,SAP.DE
2021-11-29,108.63304591671022,110.22507907650902,105.99213939659859,106.90990447998047,16801409,SAP.DE
2021-12-06,107.65909368595011,112.45393415008029,106.55403310473855,111.79838562011719,7366160,SAP.DE
2021-12-13,113.2218569395276,115.9376845139151,112.21044410853663,115.67546081542969,11734229,SAP.DE
2021-12-20,112.3790129137018,115.69419465203983,111.49870835952093,115.67546081542969,4818787,SAP.DE
2021-12-27,115.56308161036566,117.30495681029674,115.01991468891082,116.96781921386719,4219410,SAP.DE
2022-01-03,115.52561747683798,117.43606141533968,112.58503409023584,113.57771301269531,8549294,SAP.DE
2022-01-10,114.139612094042,115.7503790497069,110.74951652652244,112.82852935791016,11392990,SAP.DE
2022-01-17,113.70882932095542,115.3383301496774,111.4425209458989,113.50279998779297,9660075,SAP.DE
2022-01-24,112.04187164994619,112.67868632148672,99.88621281727312,101.30967712402344,20341985,SAP.DE
2022-01-31,102.80806366768242,106.62895174087882,101.08492226890662,102.24617004394531,15255212,SAP.DE
2022-02-07,103.01408847542697,104.98071964462126,100.61667197544648,100.67285919189453,13939302,SAP.DE
2022-02-14,98.53767044750471,100.14843752114737,95.76565551757812,95.76565551757812,14966110,SAP.DE
2022-02-21,96.4586515037845,97.20784777146868,88.47974483381404,94.96026611328125,21659634,SAP.DE
2022-02-28,92.89062124574589,95.27867097986157,90.62430572509766,90.62430572509766,21119648,SAP.DE
2022-03-07,88.96671046532563,95.31612297430422,88.9386168578307,93.25584411621094,23226795,SAP.DE
2022-03-14,93.64917997617157,97.7697453240962,92.74078178722424,97.11419677734375,15476038,SAP.DE
2022-03-21,95.05391347997363,96.45865111760871,93.31203823771692,94.45455932617188,10811464,SAP.DE
2022-03-28,94.3234601875179,97.56372112812262,93.4150619506836,93.4150619506836,11528722,SAP.DE
2022-04-04,93.70536574266549,96.51484109832278,92.24444084408061,94.0425033569336,11783173,SAP.DE
2022-04-11,92.7595011239782,93.60233789611735,89.93129232968491,90.98953247070312,11803442,SAP.DE
2022-04-18,90.98953911867306,92.38490978357834,88.06768237453623,91.37349700927734,10783328,SAP.DE
2022-04-25,88.94799238063233,92.46919632804035,88.33927129484752,91.3641357421875,12117856,SAP.DE
2022-05-02,89.99685491118038,91.27048425095488,87.50579059461829,89.17274475097656,9702471,SAP.DE
2022-05-09,84.84615064021435,87.9646698648097,84.25616341320914,87.46833038330078,10296378,SAP.DE
2022-05-16,88.53592747524121,88.99480641441623,81.29684338421875,86.17596435546875,13513108,SAP.DE
2022-05-23,89.93254470570155,90.14424243531859,86.997665052793,88.14274597167969,5628550,SAP.DE
2022-05-30,88.14275764872026,91.20273582438753,88.14275764872026,90.07689666748047,12616294,SAP.DE
2022-06-06,90.74084530640967,91.99177510176675,85.66974639892578,85.66974639892578,8299315,SAP.DE
2022-06-13,84.29372238173002,86.34333474920703,83.13901677241505,85.66012573242188,16211963,SAP.DE
2022-06-20,85.72748130284441,88.97991499131224,83.93768985539994,88.84519958496094,8773760,SAP.DE
2022-06-27,89.6342431733228,90.16348013118402,81.09902073519656,83.42768096923828,11505350,SAP.DE
2022-07-04,83.51429859902589,86.2182388305664,81.29148694058166,86.2182388305664,9828717,SAP.DE
2022-07-11,84.72674126951934,85.48691792413554,80.67563238563788,83.93769073486328,7332684,SAP.DE
2022-07-18,84.29372230618573,90.10575619626597,82.09977724558998,88.58538818359375,13741150,SAP.DE
2022-07-25,87.63275649987315,88.60463825638168,84.83259207025814,87.25747680664062,9441805,SAP.DE
2022-08-01,87.30559197701322,90.4425449113302,85.67937509031127,88.74897766113281,8595807,SAP.DE
2022-08-08,89.1531284867602,90.90443624678441,87.70974272823122,89.51878356933594,7527480,SAP.DE
2022-08-15,89.36482362290009,90.34632267973019,87.07464692123085,87.85408020019531,7587970,SAP.DE
2022-08-22,87.22860615142461,87.81558356010446,81.79185215738147,82.07090759277344,8880807,SAP.DE
2022-08-29,81.03167876082124,82.96581780823068,79.87697304557256,82.09978485107422,12157907,SAP.DE
2022-09-05,80.18489287544068,83.59128418653192,79.96357049296788,83.32184600830078,8996799,SAP.DE
2022-09-12,83.58164919856831,85.72747834090961,80.02130099697163,80.51204681396484,12069885,SAP.DE
2022-09-19,80.16563538663334,81.47430560929614,76.57642057148117,78.00055694580078,9131837,SAP.DE
2022-09-26,77.92358905461569,81.17601565455261,77.92358905461569,80.94507598876953,11722548,SAP.DE
2022-10-03,79.06866103211252,85.33295656208944,79.05904374732727,83.45655822753906,9021559,SAP.DE
2022-10-10,82.60977857586899,86.42031618033431,80.10791134159656,84.59203338623047,10119362,SAP.DE
2022-10-17,84.08202439535515,88.12350869905991,83.68750279420713,87.95030212402344,9611222,SAP.DE
2022-10-24,88.06576958943533,94.83044340181112,87.09389517085877,94.05101013183594,13481332,SAP.DE
2022-10-31,93.98365591367822,94.77270649842764,91.31820678636605,92.60762786865234,8241962,SAP.DE
2022-11-07,92.030268725696,102.53811452646582,92.00140218724187,101.98001098632812,13283610,SAP.DE
2022-11-14,102.48037705429928,104.03923613691644,100.42114752991297,101.19095611572266,12135057,SAP.DE
2022-11-21,101.53736510639686,103.23093964373281,100.94077040794369,102.01849365234375,7342742,SAP.DE
2022-11-28,101.53737046784804,103.36566050727271,99.0355033651066,102.44189453125,9445834,SAP.DE
2022-12-05,101.78756107941228,101.96076766164735,97.49589503229814,98.4773941040039,7962930,SAP.DE
2022-12-12,97.64985259552428,101.96076024187171,93.7719503610951,95.69646453857422,16453329,SAP.DE
2022-12-19,95.42703863146119,96.14873148509692,93.26196007055401,93.70459747314453,6148306,SAP.DE
2022-12-26,93.70459322237592,94.67647494345375,92.4921545691047,92.75196075439453,2838472,SAP.DE
2023-01-02,93.50252635514016,98.4773941040039,92.80008274044866,98.4773941040039,6608654,SAP.DE
2023-01-09,99.36267094455641,103.92376757705766,98.32343150684045,103.57735443115234,8911939,SAP.DE
2023-01-16,103.8660343118441,105.29017071670847,101.84528851724178,102.94226837158203,8096749,SAP.DE
2023-01-23,103.55811116487908,103.88527505315585,97.63060393818887,101.03699493408203,7115980,SAP.DE
2023-01-30,100.11323205326032,108.48486609475941,99.82455197950962,108.04222869873047,11326524,SAP.DE
2023-02-06,107.19545211653939,108.04223579831105,105.00150690447303,105.48263549804688,7563402,SAP.DE
2023-02-13,105.36715756211444,107.59959384876832,104.1162203348469,105.34791564941406,6391261,SAP.DE
2023-02-20,105.42488731350909,106.00224745644559,102.88452911376953,102.88452911376953,9639799,SAP.DE
2023-02-27,103.73131783534383,105.69431584977069,101.44114124944745,105.25167846679688,7477364,SAP.DE
2023-03-06,105.8097952060623,109.15845331427748,105.29017546471309,106.31017303466797,7350096,SAP.DE
2023-03-13,106.57959421736078,110.06296008245106,102.26867935039357,107.36864471435547,15633886,SAP.DE
2023-03-20,107.33016033986537,111.044473420558,106.21393855371602,109.67807006835938,8369376,SAP.DE
2023-03-27,110.27466330113171,112.04522020049272,109.19694003681025,111.67955780029297,7131125,SAP.DE
2023-04-03,111.8527660869668,113.37313410549567,110.89050896254689,112.5840835571289,5476269,SAP.DE
2023-04-10,112.58408417230247,113.12294581566147,110.1591994357477,111.58333587646484,5729310,SAP.DE
2023-04-17,111.69881020181396,118.04970583641317,108.83128070391345,117.06820678710938,10439810,SAP.DE
2023-04-24,115.97123007014231,119.89724105765644,114.81652441096264,118.22291564941406,9539984,SAP.DE
2023-05-01,118.22290812096442,119.242898299668,116.39461815915605,117.56857299804688,6300002,SAP.DE
2023-05-08,117.70329347603084,119.37761884978734,116.20217468172773,116.70254516601562,6507461,SAP.DE
2023-05-15,118.30060399474517,122.4305568786879,116.42157563425592,121.82379150390625,8318892,SAP.DE
2023-05-22,121.43232338116624,122.0782361027347,117.16535855004723,120.0230484008789,6655856,SAP.DE
2023-05-29,120.19920500014578,121.7650619051178,118.53548343859951,121.70634460449219,11960791,SAP.DE
2023-06-05,120.90384713272434,121.6280545791927,118.63335266637907,120.57109832763672,6004435,SAP.DE
2023-06-12,120.98213867122877,124.4857412058066,119.53371634972567,123.83982849121094,14103011,SAP.DE
2023-06-19,122.64586309198148,123.03732919874014,118.78993426029045,119.9643325805664,6005483,SAP.DE
2023-06-26,120.53195801976288,122.4697036743164,118.00700947197987,122.4697036743164,6941120,SAP.DE
2023-07-03,121.80421016406724,122.91988368379307,118.06572350909595,118.8486557006836,6222889,SAP.DE
2023-07-10,118.0070081816599,126.18861910754696,118.0070081816599,125.97331237792969,6989623,SAP.DE
2023-07-17,125.24910382960493,126.7758059353275,116.79346148055353,118.496337890625,9167969,SAP.DE
2023-07-24,117.92870643302783,121.37359150162054,115.99095344866076,120.94298553466797,8667137,SAP.DE
2023-07-31,120.8646930053589,122.25439051756737,117.47852517423655,118.9660873413086,6576065,SAP.DE
2023-08-07,118.71163814264486,123.82024469440184,118.71163814264486,122.52841186523438,7038885,SAP.DE
2023-08-14,122.84159238492775,124.60318613165506,120.0817671594516,121.53018951416016,9850056,SAP.DE
2023-08-21,121.49103331985361,127.20641267512092,121.25615665957267,123.46793365478516,10173405,SAP.DE
2023-08-28,124.87720583875553,127.4608790666173,123.8593969833178,125.46440124511719,8282542,SAP.DE
2023-09-04,125.44482206952547,128.88971468049425,124.36830339516528,128.67440795898438,7198276,SAP.DE
2023-09-11,128.24379686664213,128.40038629119033,122.17609853069973,124.50531768798828,14202731,SAP.DE
2023-09-18,123.89854278450085,124.48573818349388,119.76859011391839,122.39140319824219,8159124,SAP.DE
2023-09-25,122.23482893401868,122.62629504684354,117.6938399450785,120.19921112060547,9717572,SAP.DE
2023-10-02,120.47323273033268,121.19744017116865,118.69206904616101,120.92341613769531,6960496,SAP.DE
2023-10-09,120.47322749335974,123.44835930827476,119.14224727440843,119.57286071777344,7278189,SAP.DE
2023-10-16,120.3753595672375,126.99110566018811,118.51590130011576,121.27572631835938,11017390,SAP.DE
2023-10-23,121.15829602337801,123.29177838036242,119.84688573792785,122.35225677490234,7146515,SAP.DE
2023-10-30,122.54799885390405,128.04807191304863,122.19568010326765,126.5213623046875,7151995,SAP.DE
2023-11-06,126.22776499982248,132.2367464367021,125.67971691044305,131.9822998046875,7369236,SAP.DE
2023-11-13,131.9627120223218,134.8204017875206,131.49295868736576,134.29193115234375,8120115,SAP.DE
2023-11-20,134.29194571141468,139.49841764903516,134.23322840482808,138.069580078125,8578432,SAP.DE
2023-11-27,137.71724944101254,143.5892185248538,137.42364800018257,143.56964111328125,9739120,SAP.DE
2023-12-04,142.5518499654969,145.9380106848825,142.17995378480953,145.01806640625,8763404,SAP.DE
2023-12-11,144.74403428197337,145.31165976123165,137.79554638041148,138.46102905273438,17148156,SAP.DE
2023-12-18,138.46103021753936,139.79201050657187,132.5694985105658,135.29017639160156,7893559,SAP.DE
2023-12-25,135.2901771292247,137.5215242534169,135.2901771292247,136.5037078857422,2532584,SAP.DE
2024-01-01,136.50370415187788,137.69767239676585,131.55167926727194,134.15492248535156,5039875,SAP.DE
2024-01-08,134.05706266149284,141.7689208984375,134.03750018126266,141.7689208984375,6164707,SAP.DE
2024-01-15,141.0642790111586,145.99672678512786,140.2030520453899,145.70314025878906,6367652,SAP.DE
2024-01-22,145.91844116538414,158.95420507523522,144.70489548334444,156.58584594726562,14421602,SAP.DE
2024-01-29,155.9986328203961,162.39908721629817,155.97907034283247,160.14816284179688,8618062,SAP.DE
2024-02-05,159.93286676414345,165.78525858068184,159.5218307101247,164.7283172607422,6862771,SAP.DE
2024-02-12,164.31726712734076,165.08062193636917,157.0164603777735,161.5574493408203,7268102,SAP.DE
2024-02-19,160.08945151135313,166.45075132291876,158.2299856834433,166.17672729492188,6403278,SAP.DE
2024-02-26,165.88313280534084,171.3244886366658,165.64824865727863,169.6411895751953,9190638,SAP.DE
2024-03-04,170.89386583471475,174.67149981062138,169.50416830089895,173.16436767578125,7363667,SAP.DE
2024-03-11,171.46148856710934,173.3992341191293,168.25148010253906,168.25148010253906,14695169,SAP.DE
2024-03-18,170.09138271872055,176.70712951186798,167.0379484861068,176.43310546875,7853459,SAP.DE
2024-03-25,176.3352292185719,180.54347682981842,174.1234595127493,176.60926818847656,5847405,SAP.DE
2024-04-01,177.1377347827721,178.03810158747524,171.05045894530565,173.63412475585938,6566998,SAP.DE
2024-04-08,172.92948614452987,174.4561957135932,165.4720902034024,167.4098358154297,7966113,SAP.DE
2024-04-15,167.2532498132608,169.758635878577,161.2834234291263,162.2620849609375,8178023,SAP.DE
2024-04-22,161.92933181467353,173.7124092277439,160.32432761688278,170.28709411621094,10122213,SAP.DE
2024-04-29,170.2479714904048,170.61985272850916,164.0041059611037,167.0771026611328,5068635,SAP.DE
2024-05-06,166.60734403024202,174.3583415459543,165.76569451818997,172.3031463623047,6040430,SAP.DE
2024-05-13,172.28356151378952,173.7124138546905,170.20880394101883,173.24266052246094,6674303,SAP.DE
2024-05-20,175.33524014130577,180.68687880174136,175.33524014130577,178.44711303710938,5710170,SAP.DE
2024-05-27,177.8128427090868,180.01295825863198,163.77967734499003,164.47341918945312,9191871,SAP.DE
2024-06-03,168.21956213553088,178.62550855512265,165.46446515039815,175.77130126953125,7791127,SAP.DE
2024-06-10,175.29559647553296,181.51934196113385,172.28281890620931,173.2144012451172,8528535,SAP.DE
2024-06-17,174.18562775112986,179.8543921713896,173.13512510019163,179.4381561279297,11219231,SAP.DE
2024-06-24,179.31922626150737,189.2494760074503,176.04878309848456,187.82237243652344,7968350,SAP.DE
2024-07-01,187.009721023754,189.13055141761419,180.70668997400267,187.38632202148438,5294091,SAP.DE
2024-07-08,188.29807025720606,189.26928764855296,182.45092570332554,187.0493621826172,5582751,SAP.DE
2024-07-15,186.9898841492524,187.96111664825605,177.2578550526826,179.87420654296875,6259895,SAP.DE
2024-07-22,179.57689006538425,195.21553881674774,178.96244858152454,194.0262908935547,8747352,SAP.DE
2024-07-29,194.24433209275077,195.6912608120674,183.5807201218221,184.4924774169922,7573389,SAP.DE
2024-08-05,178.03087976185364,188.27825590872246,175.1370373843954,188.2187957763672,8904172,SAP.DE
2024-08-12,188.47645866323228,195.9092775422618,186.41510353490378,195.03717041015625,4776742,SAP.DE
2024-08-19,194.0857521090036,197.41565538586872,192.93613922389483,193.8677215576172,4890705,SAP.DE
2024-08-26,193.23346687636567,197.23728713716966,191.13246156694126,195.9489288330078,5236037,SAP.DE
2024-09-02,196.48408100885734,199.2490980579067,188.33771043238764,189.01162719726562,6351892,SAP.DE
2024-09-09,190.29998969252222,199.1499921732231,189.82427839308426,198.85267639160156,7992273,SAP.DE
2024-09-16,196.90032284159878,204.8484881760696,196.26605622651064,202.66819763183594,8275671,SAP.DE
2024-09-23,203.70878680915774,206.18639303373493,196.226412986513,203.85743713378906,7038053,SAP.DE
2024-09-30,202.7177412567361,206.78100633039128,196.74175634310777,198.9022216796875,6655029,SAP.DE
2024-10-07,198.85267569422803,206.73147583007812,197.8517281924583,206.73147583007812,5606428,SAP.DE
2024-10-14,207.1278854236667,212.6281744007265,206.8305696450483,210.9434051513672,6712461,SAP.DE
2024-10-21,211.09205377558797,221.20068431225076,208.86220813711344,213.3218994140625,2857814,SAP.DE
2018-06-18,1202.877398494426,1206.2467637453055,1148.1646298250043,1155.06396484375,118731500,7203.T
2018-06-25,1160.0378811249673,1161.6423595220972,1122.011723527069,1150.4110107421875,147379500,7203.T
2018-07-02,1147.2019258883909,1159.3959211735548,1126.8250329335485,1149.1273193359375,165756500,7203.T
2018-07-09,1154.5827578871,1171.108965760669,1132.2805641724885,1167.739501953125,155272500,7203.T
2018-07-16,1167.7393638408712,1207.5304087080783,1165.9744767668026,1193.73193359375,116147500,7203.T
2018-07-23,1176.4038386710333,1198.5456258273023,1172.553050500547,1196.29931640625,124387000,7203.T
2018-07-30,1192.6089696583656,1207.049277613698,1155.2246364265927,1158.43359375,169600500,7203.T
2018-08-06,1164.5303305439245,1166.6161327479897,1115.1124184902724,1115.2728271484375,126248000,7203.T
2018-08-13,1107.0898234215126,1109.8174556158556,1075.0002633223382,1091.5263671875,126126500,7203.T
2018-08-20,1086.2321360910619,1106.7694449275405,1074.358953925016,1095.8590087890625,111266500,7203.T
2018-08-27,1106.2878898851798,1143.9931334128112,1104.202087488719,1111.903564453125,136632500,7203.T
2018-09-03,1099.2281660299195,1104.68343202658,1051.2543182987952,1058.31396484375,135969000,7203.T
2018-09-10,1053.340105490642,1100.5118112297675,1051.8960357096018,1098.746826171875,148590000,7203.T
2018-09-17,1098.7467962622961,1135.1684757777623,1092.8102065557027,1123.1348876953125,158694000,7203.T
2018-09-24,1123.134896383897,1144.6349464293683,1114.6311803257659,1138.37744140625,163917500,7203.T
2018-10-01,1147.9168346047438,1180.9515623100283,1128.5515980236187,1139.4547119140625,194443000,7203.T
2018-10-08,1139.4547571508813,1139.4547571508813,1061.1802433097823,1075.3380126953125,177233500,7203.T
2018-10-15,1069.3171227675762,1086.0786795876552,1049.6264949181761,1070.2935791015625,160810500,7203.T
2018-10-22,1063.458957735538,1086.729730671944,1040.8390564717622,1063.2962646484375,194784500,7203.T
2018-10-29,1061.6684137734321,1080.5453714976343,1045.7205261202976,1067.03857421875,251288500,7203.T
2018-11-05,1059.3905517282994,1106.09488623923,1048.9756125653375,1089.6588134765625,186530000,7203.T
2018-11-12,1086.8920948985694,1095.354118578727,1057.437407068456,1072.571533203125,123070000,7203.T
2018-11-19,1072.5715870733916,1110.6510928434152,1064.4349490305826,1110.0001220703125,156687500,7203.T
2018-11-26,1109.511914199607,1144.6622492059616,1101.7007617507034,1107.0709228515625,237613000,7203.T
2018-12-03,1139.129436451837,1154.9145356503677,1108.8611797272272,1116.0213623046875,192464000,7203.T
2018-12-10,1093.5643325181609,1127.900910967246,1093.5643325181609,1111.30224609375,173263000,7203.T
2018-12-17,1105.606707135829,1119.9271739845176,1041.6526358762444,1044.0936279296875,174290500,7203.T
2018-12-24,1044.0933921212218,1048.6499890512516,983.7195753645103,1042.466064453125,121048500,7203.T
2018-12-31,1042.466114918753,1042.466114918753,1002.5965851203036,1032.7021484375,50059500,7203.T
2019-01-07,1056.9492817608764,1112.4411134831553,1054.1828049614824,1110.0001220703125,176933000,7203.T
2019-01-14,1110.0001579746697,1123.6697500584269,1100.8871628016304,1106.25732421875,127923500,7203.T
2019-01-21,1112.6040829436452,1119.7642659665632,1086.4040446807426,1100.724609375,138815000,7203.T
2019-01-28,1096.819104820154,1101.3756034916544,1075.0128692379578,1082.98681640625,113454500,7203.T
2019-02-04,1087.0548513814351,1107.3964466542911,1046.3716608357227,1049.463623046875,149566000,7203.T
2019-02-11,1049.4637024933015,1085.1021205147251,1049.4637024933015,1074.8499755859375,97793000,7203.T
2019-02-18,1084.7765997182134,1107.8846728086162,1077.4536251044788,1093.564208984375,113714500,7203.T
2019-02-25,1096.8188129191205,1107.396442420566,1088.356689453125,1088.356689453125,118372000,7203.T
2019-03-04,1097.6327197419907,1097.6327197419907,1060.8551472164233,1062.807861328125,118843000,7203.T
2019-03-11,1063.2959800198596,1083.962962760812,1061.9940383746512,1076.477294921875,95888000,7203.T
2019-03-18,1079.2439413895206,1100.2364128379154,1075.3383144890565,1098.9345703125,65315500,7203.T
2019-03-25,1081.1965247746543,1097.3070088314687,1055.6474609375,1055.6474609375,99089500,7203.T
2019-04-01,1088.7030780003652,1133.2718505859375,1086.3835764080177,1133.2718505859375,92842500,7203.T
2019-04-08,1134.929014380706,1135.094656998531,1117.6979348802865,1124.8223876953125,62298500,7203.T
2019-04-15,1124.988019021425,1173.0361081990707,1123.1655457439645,1152.82275390625,115174000,7203.T
2019-04-22,1156.3020905240733,1158.952978975267,1131.1182457380844,1144.04150390625,87014000,7203.T
2019-04-29,1144.04150390625,1144.04150390625,1144.04150390625,1144.04150390625,0,7203.T
2019-05-06,1144.0414077356575,1144.0414077356575,1077.2711618755593,1083.070068359375,159384500,7203.T
2019-05-13,1083.2360352368382,1096.8220690053963,1065.839310577387,1077.271484375,110475000,7203.T
2019-05-20,1079.9223733969427,1084.3958371057884,1065.1766388843685,1077.271484375,85322500,7203.T
2019-05-27,1070.3125753259271,1099.638497382596,1057.554959388855,1057.720703125,135580000,7203.T
2019-06-03,1045.2942709506938,1095.3304648346134,1039.4953649326997,1091.519775390625,120118500,7203.T
2019-06-10,1105.1059630253487,1136.2543567507064,1099.3070561728919,1117.2008056640625,133015500,7203.T
2019-06-17,1115.8752508789491,1126.6446482519457,1106.2656549864862,1107.9224853515625,116882000,7203.T
2019-06-24,1097.8158871525554,1113.7215211824441,1089.5317343635234,1108.0882568359375,100157500,7203.T
2019-07-01,1120.8458853942495,1146.1953729985826,1114.5499494263304,1141.390625,97839000,7203.T
2019-07-08,1146.692468407638,1148.6806854403505,1135.5917837977538,1144.8699951171875,99641000,7203.T
2019-07-15,1144.870132679686,1179.8292236328125,1144.870132679686,1179.8292236328125,129220000,7203.T
2019-07-22,1177.1779374162165,1200.2079192174567,1166.9055692503778,1184.79931640625,121527000,7203.T
2019-07-29,1184.9653718831344,1191.5926948789854,1138.2427245374004,1148.01806640625,149628500,7203.T
2019-08-05,1139.0708372921674,1146.8579599684533,1096.821664418058,1132.77490234375,165155500,7203.T
2019-08-12,1132.7752844829424,1142.2192406539143,1108.9168795378487,1124.9881591796875,98117000,7203.T
2019-08-19,1129.295587205213,1150.8343829204673,1128.632915704302,1145.8638916015625,83411500,7203.T
2019-08-26,1118.6922346646415,1153.651325915908,1118.3608482623922,1153.154296875,106103000,7203.T
2019-09-02,1154.3139401996457,1169.8880877172626,1148.6806755098137,1164.751953125,107512000,7203.T
2019-09-09,1172.2075082322367,1227.379940338187,1168.7282048415084,1225.3917236328125,173486000,7203.T
2019-09-16,1225.3918341323922,1237.3210343154506,1215.7822371689244,1226.5516357421875,123462500,7203.T
2019-09-23,1226.551620153802,1241.628838639699,1210.31470119776,1220.91845703125,111738500,7203.T
2019-09-30,1230.1943060088959,1232.0416557734952,1167.382978938898,1174.7725830078125,122378000,7203.T
2019-10-07,1183.002127499227,1222.3011131624896,1170.5741826923481,1220.7896728515625,105627000,7203.T
2019-10-14,1220.789679157567,1259.5848515842508,1220.789679157567,1237.4161376953125,91746000,7203.T
2019-10-21,1238.9275810714298,1259.584750478219,1235.7365920347772,1256.561767578125,73710000,7203.T
2019-10-28,1258.9128262050817,1268.9895033705607,1252.530951167997,1268.1497802734375,104025000,7203.T
2019-11-04,1268.149621926328,1334.9916541153384,1268.149621926328,1327.60205078125,138893500,7203.T
2019-11-11,1327.6023844110623,1333.9842602550575,1305.265767704442,1314.334716796875,108228500,7203.T
2019-11-18,1315.6782836808209,1317.5256336245222,1274.6997526080465,1302.07470703125,101785500,7203.T
2019-11-25,1308.9605330998615,1313.3270526307967,1282.7611083984375,1282.7611083984375,84631500,7203.T
2019-12-02,1293.3416298161117,1311.6476365524356,1283.7688673538146,1297.708251953125,98792000,7203.T
2019-12-09,1300.059305894353,1313.1590686966429,1280.7456739484683,1311.8154296875,114526000,7203.T
2019-12-16,1306.6091979914515,1319.0371413909058,1296.1966106169448,1300.563232421875,108001000,7203.T
2019-12-23,1304.7620112135132,1308.9606274131895,1283.9368338610077,1298.7159423828125,52021500,7203.T
2019-12-30,1290.6544671260733,1300.8990484394765,1289.9826476114745,1295.52490234375,14248500,7203.T
2020-01-06,1276.2111730788076,1296.8683402663248,1264.6229536172632,1286.6236572265625,124908000,7203.T
2020-01-13,1286.6237041721915,1301.906726230219,1286.4558005528143,1292.3338623046875,83840500,7203.T
2020-01-20,1295.5249489667228,1325.7549831167917,1294.1813098891705,1322.0601806640625,103472500,7203.T
2020-01-27,1308.7925803822318,1312.823292810134,1274.3639286202565,1285.1124267578125,116211500,7203.T
2020-02-03,1269.1575064333492,1347.9234712504585,1263.4473483845734,1320.380615234375,150925000,7203.T
2020-02-10,1307.4490484786065,1311.4797609211132,1288.639227922368,1298.044189453125,81298000,7203.T
2020-02-17,1288.807173820977,1322.8999143262076,1264.6231053070212,1316.18212890625,117008500,7203.T
2020-02-24,1316.1819600898643,1316.1819600898643,1176.2841171639054,1196.9412841796875,172937500,7203.T
2020-03-02,1165.703523292781,1234.0570016051015,1133.7940466732698,1141.0157470703125,185281500,7203.T
2020-03-09,1103.3964574329964,1147.0620706647435,969.2086280763958,1021.775390625,261993500,7203.T
2020-03-16,1020.9353997418431,1138.1607255807046,977.7736113190745,1074.005859375,313453500,7203.T
2020-03-23,1040.4170400355529,1180.48291015625,1026.9814688970794,1180.48291015625,338617000,7203.T
2020-03-30,1126.740573784341,1144.878573486072,1035.0427434782139,1040.4169921875,262506500,7203.T
2020-04-06,1064.4676834715876,1156.903760017065,1054.5577323156567,1133.6666259765625,201333000,7203.T
2020-04-13,1120.8521100764926,1160.4920226314491,1113.334157867819,1154.3409423828125,142684000,7203.T
2020-04-20,1138.792398655566,1149.044093167094,1101.544596120807,1117.947265625,109632000,7203.T
2020-04-27,1120.1685303507427,1174.6734186923213,1103.4241155668742,1109.5751953125,111818500,7203.T
2020-05-04,1109.5753866705365,1112.479950741898,1088.901068364664,1109.233642578125,56898000,7203.T
2020-05-11,1131.1037191300718,1140.501106524657,1060.7087236080515,1067.714111328125,165470500,7203.T
2020-05-18,1073.0107879561697,1104.1076182731736,1067.5431962049977,1074.548583984375,119097000,7203.T
2020-05-25,1090.9512554538594,1192.6139018117367,1082.5789958042494,1154.1700439453125,250383000,7203.T
2020-06-01,1159.2960096205293,1213.1174161099127,1142.2098488302488,1207.47900390625,150694000,7203.T
2020-06-08,1223.3689565018742,1225.761060421579,1145.2851907953955,1170.9144287109375,151164500,7203.T
2020-06-15,1165.2762076560236,1205.7704310372712,1144.7728139729265,1170.5728759765625,128287000,7203.T
2020-06-22,1161.6879086305933,1198.0814038277663,1158.4414969396664,1173.477294921875,119310500,7203.T
2020-06-29,1158.4414800028383,1175.1858935174348,1135.0334233403453,1155.195068359375,122177500,7203.T
2020-07-06,1162.7132151430753,1172.7940914926671,1122.218994140625,1122.218994140625,119258000,7203.T
2020-07-13,1140.5013174115754,1173.819333425846,1130.7621841810417,1164.0802001953125,113657500,7203.T
2020-07-20,1159.295991380882,1168.6933796676835,1149.727783203125,1149.727783203125,50808000,7203.T
2020-07-27,1133.324965513781,1152.9740494023163,1062.24658203125,1062.24658203125,136950000,7203.T
2020-08-03,1077.965737737339,1186.6336596735355,1068.7391708074824,1175.1859130859375,166820000,7203.T
2020-08-10,1175.1861074603448,1260.9586546936555,1175.1861074603448,1226.9571533203125,141567000,7203.T
2020-08-17,1232.4248222953615,1244.5560596711114,1206.966503939301,1210.0419921875,82285000,7203.T
2020-08-24,1215.1675540281258,1232.4245315560377,1192.2720610420915,1205.5992431640625,89157500,7203.T
2020-08-31,1214.3134899808417,1217.9015420968328,1183.3874758249017,1203.890869140625,93453500,7203.T
2020-09-07,1197.5690543328137,1202.865722476048,1168.351656741054,1188.5133056640625,123140000,7203.T
2020-09-14,1193.2974619078414,1222.5147539354364,1192.4431539036934,1202.52392578125,95402500,7203.T
2020-09-21,1202.5240551212673,1213.1174963692285,1183.7292770085046,1201.3280029296875,78646000,7203.T
2020-09-28,1204.0615735079443,1226.6153228949286,1172.452181250189,1177.4071044921875,118301500,7203.T
2020-10-05,1209.9693444242275,1227.30911750521,1194.0167320230087,1208.06201171875,105994000,7203.T
2020-10-12,1201.993000399031,1218.9859555688388,1183.4394234363194,1184.133056640625,79931500,7203.T
2020-10-19,1191.935863598535,1222.8006338466018,1191.2422304468014,1209.1021728515625,86776000,7203.T
2020-10-26,1208.5820733561306,1214.3041767834995,1175.6365075114154,1179.6246337890625,94886000,7203.T
2020-11-02,1190.548797424724,1240.1406127703165,1187.7744760185496,1217.0787353515625,143678000,7203.T
2020-11-09,1241.3541607633204,1301.6965384251614,1234.4182528519925,1268.5775146484375,191453000,7203.T
2020-11-16,1283.1428920817596,1300.135844350727,1252.451480117959,1274.81982421875,126847500,7203.T
2020-11-23,1274.8198720008986,1304.6442966419675,1246.382607750066,1257.4801025390625,120984000,7203.T
2020-11-30,1260.2545676385496,1262.1620059979157,1210.3160470364246,1245.1689453125,168030500,7203.T
2020-12-07,1257.1332848590353,1355.969970703125,1234.9384011344416,1355.969970703125,183045000,7203.T
2020-12-14,1361.171928271229,1394.9844793556738,1355.103008845816,1371.7491455078125,158334500,7203.T
2020-12-21,1373.6565994775021,1374.8704045432512,1335.3356443077537,1350.5947265625,84557500,7203.T
2020-12-28,1352.8489411543567,1392.3835974751069,1348.8608150306673,1379.7255859375,67279000,7203.T
2021-01-04,1392.3833948707713,1392.3833948707713,1351.8082947042567,1376.604248046875,131597500,7203.T
2021-01-11,1376.604389286839,1376.604389286839,1338.6302504698792,1340.8843994140625,109362500,7203.T
2021-01-18,1340.884328686168,1355.6231324799728,1318.1692734079597,1328.226318359375,111524500,7203.T
2021-01-25,1332.0412943433512,1332.0412943433512,1265.4565281229375,1265.8033447265625,235653000,7203.T
2021-02-01,1261.9885659526499,1382.6734407519216,1251.23788630814,1373.65673828125,169730500,7203.T
2021-02-08,1387.0083330015177,1473.3603719364064,1376.2576537498667,1458.794921875,212562500,7203.T
2021-02-15,1455.6737582732342,1467.9849532045382,1385.4476865518927,1398.4525146484375,149796500,7203.T
2021-02-22,1412.6712976713266,1417.5264128421754,1358.3978304931359,1365.1602783203125,113246000,7203.T
2021-03-01,1371.7491234326656,1391.3431476433805,1350.074411547852,1381.8062744140625,126887500,7203.T
2021-03-08,1402.614111442757,1424.1153638740764,1373.656672852227,1412.3243408203125,165360500,7203.T
2021-03-15,1423.7684441656218,1510.6407536450533,1410.2434450002263,1498.8497314453125,211849500,7203.T
2021-03-22,1483.0704863166122,1484.2842913664501,1406.7754993772153,1449.431396484375,171831000,7203.T
2021-03-29,1472.1464963462215,1507.6930254099404,1426.5429216897228,1467.2913818359375,192435000,7203.T
2021-04-05,1496.8858989863074,1510.1014896189117,1469.7498432011926,1483.31787109375,130018500,7203.T
2021-04-12,1488.6041549263568,1514.682899765155,1482.9654812331357,1503.05322265625,103715000,7203.T
2021-04-19,1502.7007914737985,1505.8725118301008,1443.1425490543238,1458.47265625,124757000,7203.T
2021-04-26,1468.8688873677504,1470.1023640733647,1429.0459483494035,1432.04150390625,100339500,7203.T
2021-05-03,1432.0414457859506,1482.260691007892,1432.0414457859506,1473.802734375,53958000,7203.T
2021-05-10,1481.0272271659003,1509.5729251540422,1442.085328816733,1493.890380859375,177784000,7203.T
2021-05-17,1511.863586738023,1562.7877062805183,1506.4011855630163,1540.58544921875,157424500,7203.T
2021-05-24,1547.8098971605073,1617.5881672375308,1545.5191089238995,1609.6588134765625,184404000,7203.T
2021-05-31,1609.6588000497165,1756.0874885946764,1603.4915249537405,1753.092041015625,252192000,7203.T
2021-06-07,1753.7969614681192,1756.9686817139802,1723.3130205489365,1737.5858154296875,134597000,7203.T
2021-06-14,1749.7440392958902,1820.227182872764,1732.65185546875,1732.65185546875,166071500,7203.T
2021-06-21,1690.7145914610771,1759.4356639644454,1684.5473157235954,1735.471435546875,160609000,7203.T
2021-06-28,1736.0000016204938,1740.5813633394096,1697.7628713324211,1730.361328125,102738000,7203.T
2021-07-05,1716.088426669413,1730.713657838886,1669.0409055771065,1700.4058837890625,120958000,7203.T
2021-07-12,1732.1233565946613,1763.8407730938513,1719.6126408839245,1738.466796875,104743000,7203.T
2021-07-19,1724.19405451679,1731.418534362408,1690.8907231678388,1713.62158203125,73124500,7203.T
2021-07-26,1742.6956852470837,1750.4488738834523,1723.3128212049019,1727.718017578125,109482500,7203.T
2021-08-02,1742.1673100902142,1787.6289210730051,1724.722687160784,1733.5330810546875,139973000,7203.T
2021-08-09,1733.5329565599793,1769.1269668448947,1733.5329565599793,1755.911376953125,72393000,7203.T
2021-08-16,1744.4579434568668,1744.634108310443,1561.9066299691638,1570.8931884765625,216729500,7203.T
2021-08-23,1602.9629585498562,1686.4854214644931,1594.3287302038807,1666.9263916015625,152321500,7203.T
2021-08-30,1677.8514061807666,1727.3657760044246,1666.2216219089944,1719.083984375,124879500,7203.T
2021-09-06,1739.1717043498534,1781.461593817327,1727.365755363767,1754.854248046875,143025500,7203.T
2021-09-13,1713.092980099407,1765.6029052734375,1702.3442352087109,1765.6029052734375,161074000,7203.T
2021-09-20,1765.6028334815903,1779.699462890625,1727.8943067929238,1779.699462890625,88280500,7203.T
2021-09-27,1789.3909127061356,1843.1343128415735,1731.6828355115263,1733.00439453125,311603900,7203.T
2021-10-04,1772.4276272222764,1773.318966235212,1620.4543255167707,1714.044921875,127785700,7203.T
2021-10-11,1720.284133272001,1799.6132979669276,1719.3927943428446,1776.8841552734375,88520100,7203.T
2021-10-18,1805.8527309532155,1837.9409334775569,1751.0353849741323,1767.9708251953125,87163400,7203.T
2021-10-25,1728.3061800247829,1794.2652606446043,1718.5014518245391,1788.4715576171875,81223800,7203.T
2021-11-01,1807.6352615843825,1871.8116614039466,1799.1675421637458,1813.8746337890625,101210300,7203.T
2021-11-08,1819.668409107567,1858.4416522112551,1778.2211492381073,1852.64794921875,85391700,7203.T
2021-11-15,1866.4638444048578,1950.2497094354485,1861.5614799615787,1900.7803955078125,110532600,7203.T
2021-11-22,1901.225969889676,1924.400782462171,1840.614921623151,1849.0826416015625,77033100,7203.T
2021-11-29,1810.3094787157288,1855.767766955267,1781.7866311928813,1853.09375,139289100,7203.T
2021-12-06,1886.518952129877,1887.4102911103307,1820.5598675763167,1829.027587890625,109593400,7203.T
2021-12-13,1811.2006465517243,1929.7487203663795,1784.4604795258622,1874.0400390625,155538000,7203.T
2021-12-20,1847.3000035284813,1882.5078926186502,1814.3204618490827,1868.692138671875,91635800,7203.T
2021-12-27,1868.2461484801709,1905.2367091490294,1863.789454423682,1876.7138671875,57535200,7203.T
2022-01-03,1876.7139559033892,2086.624255886884,1876.7139559033892,2056.764404296875,165092000,7203.T
2022-01-10,2056.7643511784127,2159.713986091135,2034.9265498332898,2130.2998046875,141739700,7203.T
2022-01-17,2140.1045231258718,2206.063596308427,1988.131253157958,2036.2635498046875,181767500,7203.T
2022-01-24,1991.6965797229916,2038.9375368611963,1923.9548298644338,1993.9249267578125,153874800,7203.T
2022-01-31,1982.7836892087164,2061.6671940390024,1953.3695009669148,2030.024658203125,118728100,7203.T
2022-02-07,2014.4256694695541,2117.3752999225335,1980.5547953811279,2009.07763671875,124280300,7203.T
2022-02-14,1937.770936400026,1959.163071852464,1907.4654111757384,1946.684326171875,140602900,7203.T
2022-02-21,1914.595862791112,1940.4446896165043,1852.6478122957758,1875.376953125,92262000,7203.T
2022-02-28,1878.0512600080342,1919.9441927182277,1751.48112288362,1759.503173828125,167235200,7203.T
2022-03-07,1671.2603508801399,1734.5454095001344,1608.866631113948,1658.3359375,230283500,7203.T
2022-03-14,1678.3909776744276,1840.614640944075,1677.0539694606668,1800.50439453125,165734200,7203.T
2022-03-21,1800.5043684330744,1975.652441896985,1800.5043684330744,1951.140625,129527200,7203.T
2022-03-28,1971.6417162698413,2016.2086628401362,1938.2165063421203,1965.40234375,169731100,7203.T
2022-04-04,1979.216578598951,2018.0247468067735,1871.3659716027928,1891.2213134765625,148500900,7203.T
2022-04-11,1883.5501942952476,1952.1413848876955,1864.1461074829103,1949.433837890625,118335400,7203.T
2022-04-18,1936.3471928523138,2047.807867901142,1920.1019122783955,1994.5594482421875,119329400,7203.T
2022-04-25,1939.9569152681868,2023.8908501925605,1934.993080407068,2017.5732421875,113324400,7203.T
2022-05-02,2046.0028479497335,2055.479261669836,2001.3283261263934,2054.12548828125,56775900,7203.T
2022-05-09,2047.8076242562918,2059.9915832371025,1815.4098881408245,1854.6693115234375,190489400,7203.T
2022-05-16,1899.795317351818,1901.6003485321999,1778.8582282662392,1848.3519287109375,124987700,7203.T
2022-05-23,1852.4131673860459,1910.6254203928181,1838.4241763534105,1880.8424072265625,101484200,7203.T
2022-05-30,1897.0875687878897,1992.7542111720554,1889.8674448343677,1953.946044921875,138767500,7203.T
2022-06-06,1930.480859308522,2046.0028555644785,1925.9682813297738,1988.693115234375,120149300,7203.T
2022-06-13,1940.4083769701663,1961.6174917882124,1842.936700359572,1861.8895263671875,144371400,7203.T
2022-06-20,1886.2574155619154,1975.1551932809818,1868.6583631200697,1905.6614990234375,109738200,7203.T
2022-06-27,1928.6755958117894,1956.6535759101355,1855.5718413612724,1865.49951171875,141124600,7203.T
2022-07-04,1889.8674417023183,1937.7007628151275,1844.290409321245,1905.210205078125,136750300,7203.T
2022-07-11,1931.3830143138869,1952.5921268542497,1893.9286240830336,1952.140869140625,115785900,7203.T
2022-07-18,1952.1410427271035,1990.949209549695,1952.1410427271035,1987.7904052734375,93896700,7203.T
2022-07-25,1964.776279847534,1984.1803634565013,1916.9429574626377,1928.6756591796875,97444800,7203.T
2022-08-01,1942.2134784944653,2000.4257319158842,1869.5609761623073,1916.04052734375,145617300,7203.T
2022-08-08,1895.2826828253073,1926.8707275390625,1867.304700364553,1926.8707275390625,94231500,7203.T
2022-08-15,1917.394179942996,1970.1913366983104,1900.24638544127,1940.4083251953125,88612400,7203.T
2022-08-22,1922.8092844201221,1941.7621100351525,1888.5136952119715,1902.502685546875,82766000,7203.T
2022-08-29,1859.181943030518,1907.466522618932,1841.5828906571708,1849.2542724609375,118435700,7203.T
2022-09-05,1842.0342074667917,1885.8062109269285,1823.08138122632,1875.8785400390625,104360100,7203.T
2022-09-12,1882.6476007727854,1883.550116401152,1822.6303114864047,1832.5579833984375,102993000,7203.T
2022-09-19,1832.5579247408834,1867.3047753208018,1795.10352736253,1830.3016357421875,79262800,7203.T
2022-09-26,1787.8831427275245,1808.6409984987174,1688.6064412131238,1693.1190185546875,162590100,7203.T
2022-10-03,1718.7246108505415,1851.742925147751,1717.3532880227351,1815.17431640625,151846600,7203.T
2022-10-10,1815.174419114314,1846.7148459385116,1790.9477144522496,1835.7442626953125,106135700,7203.T
2022-10-17,1819.2883457399764,1855.3998480800412,1808.7748703751474,1817.0028076171875,105266800,7203.T
2022-10-24,1833.001552638162,1865.9133012142086,1821.1167545412561,1855.85693359375,169274000,7203.T
2022-10-31,1870.4845416551873,1894.2541399362406,1804.66103872304,1814.7174072265625,117406700,7203.T
2022-11-07,1828.4303892975386,1836.2012184520531,1786.3764903436952,1829.3446044921875,109445400,7203.T
2022-11-14,1827.0593121763575,1839.4012189636383,1811.5176517775592,1822.0311279296875,92177500,7203.T
2022-11-21,1827.5163021649314,1883.7405405757086,1822.4881182420165,1878.2552490234375,79335700,7203.T
2022-11-28,1886.9403568540715,1892.4256485891124,1784.0911368220545,1801.9183349609375,117493100,7203.T
2022-12-05,1807.4035375276876,1807.4035375276876,1758.9501295919429,1786.3765869140625,122377400,7203.T
2022-12-12,1785.9195120495535,1818.3741538093484,1769.4636373544463,1774.4918212890625,85318900,7203.T
2022-12-19,1755.2934199669967,1765.349788518891,1637.3596433129642,1662.04345703125,172644800,7203.T
2022-12-26,1664.786088968211,1686.2701488752693,1646.044675006735,1657.0152587890625,84469100,7203.T
2023-01-02,1657.015058961633,1672.099609843215,1634.1596788380243,1668.4427490234375,73264400,7203.T
2023-01-09,1668.442857511705,1707.7541138804738,1655.6438438102452,1659.7578125,91503000,7203.T
2023-01-16,1645.5874207547797,1751.6363878700877,1640.1021293522638,1721.46728515625,117796100,7203.T
2023-01-23,1737.0089568329058,1748.8937549586046,1721.9244053656726,1737.466064453125,93358000,7203.T
2023-01-30,1737.4662191465109,1754.3792026004494,1714.6108361006477,1729.23828125,90901900,7203.T
2023-02-06,1745.2367578073029,1768.5492446192914,1708.6681510433991,1717.810302734375,133208900,7203.T
2023-02-13,1709.582648161042,1750.7223375552917,1697.6978490027032,1743.86572265625,112229300,7203.T
2023-02-20,1751.6364231006962,1752.5506383528366,1693.126646963721,1698.6119384765625,77817400,7203.T
2023-02-27,1697.6977038992025,1724.2099459094754,1691.2981972070677,1722.838623046875,101328900,7203.T
2023-03-06,1730.609527008443,1765.8068153284773,1725.5813429627237,1733.3521728515625,125472700,7203.T
2023-03-13,1715.9820406957544,1719.6389017308013,1613.5899317144413,1632.7884521484375,160780700,7203.T
2023-03-20,1615.4184230239937,1649.7014965177116,1612.6757771444961,1630.9600830078125,86650000,7203.T
2023-03-27,1641.016315866024,1734.2662680767953,1628.2173028174866,1718.724609375,136481100,7203.T
2023-04-03,1768.1386793219935,1769.536417408414,1695.456298828125,1695.456298828125,111385700,7203.T
2023-04-10,1704.7743558968064,1716.4221719387358,1676.3536847544983,1684.7401123046875,114917200,7203.T
2023-04-17,1698.717500980898,1720.1494826169708,1662.3763147284267,1679.149169921875,102674500,7203.T
2023-04-24,1691.2629938818911,1730.399658203125,1668.899185698329,1730.399658203125,103555800,7203.T
2023-05-01,1742.979257572877,1751.3656854360984,1726.6723145055016,1737.3883056640625,36109700,7203.T
2023-05-08,1733.19517848666,1829.6391037411597,1722.0132741093269,1809.6048583984375,175756600,7203.T
2023-05-15,1807.2752364719056,1838.9572978485724,1788.172817112445,1825.9117431640625,103733500,7203.T
2023-05-22,1812.4002814108278,1844.0823428853616,1730.3996517120347,1804.9456787109375,148367900,7203.T
2023-05-29,1825.445871308064,1872.9689644355328,1763.4794851712666,1872.5030517578125,183725500,7203.T
2023-06-05,1910.2419104542407,1936.7989321361656,1874.366635550588,1911.6396484375,163242400,7203.T
2023-06-12,1924.685181296551,2197.2440849659974,1914.4351028679566,2158.107421875,306388700,7203.T
2023-06-19,2162.3006691417795,2164.6302324569506,2023.458695557584,2049.5498046875,176213800,7203.T
2023-06-26,2053.743377057613,2165.0965229552467,2041.6296457047324,2151.119140625,149134400,7203.T
2023-07-03,2150.6526924161503,2197.2439552501223,2135.743488309279,2142.732177734375,127464200,7203.T
2023-07-10,2115.243491197729,2133.879997728105,2031.3792118110346,2066.78857421875,119808400,7203.T
2023-07-17,2066.7886737961067,2153.448433337602,2061.197721567623,2131.550537109375,82062200,7203.T
2023-07-24,2159.0393791429924,2184.6645767806413,2109.1867219206574,2152.5166015625,122152100,7203.T
2023-07-31,2189.789738581731,2375.222997295673,2188.3920004507213,2271.324462890625,266066600,7203.T
2023-08-07,2265.7331276112695,2307.19935182624,2221.4714276065256,2263.403564453125,80609300,7203.T
2023-08-14,2273.187857064758,2291.824363373959,2173.4825483105346,2188.857666015625,90944400,7203.T
2023-08-21,2189.3236269001172,2255.017313087161,2187.9258888961376,2231.7216796875,79818400,7203.T
2023-08-28,2256.415005631853,2352.8589259634227,2251.7558790457865,2347.73388671875,117767300,7203.T
2023-09-04,2366.836265772066,2489.3712929173516,2365.9044404705805,2425.541259765625,149585300,7203.T
2023-09-11,2432.530337814826,2648.2479295421317,2409.70061428429,2629.1455078125,147844700,7203.T
2023-09-18,2629.1450094189163,2713.009284041529,2548.5421232538492,2598.394775390625,137594700,7203.T
2023-09-25,2595.133374638918,2598.8606757155985,2493.098507664785,2494.962158203125,144942100,7203.T
2023-10-02,2544.169094625565,2587.5061723344247,2327.9547612737533,2423.10791015625,176563800,7203.T
2023-10-09,2423.107882630814,2581.382425508721,2423.107882630814,2531.921630859375,107712500,7203.T
2023-10-16,2496.5925730500094,2561.5981909898023,2425.93429268067,2465.5029296875,103124400,7203.T
2023-10-23,2449.486809651554,2509.781869581438,2396.728632212905,2485.758056640625,107165200,7203.T
2023-10-30,2442.892178300498,2681.7171560093975,2379.7707837975545,2600.224609375,189883200,7203.T
2023-11-06,2675.593682410587,2712.8070452469315,2592.6879626739205,2640.735595703125,155420800,7203.T
2023-11-13,2668.998394031574,2730.7066166962645,2644.9745821544807,2725.053955078125,120560700,7203.T
2023-11-20,2725.0544811171208,2732.120309503768,2554.061434160247,2640.735595703125,142907300,7203.T
2023-11-27,2637.9088946126017,2677.4775280317904,2577.6138341643136,2668.99853515625,156208000,7203.T
2023-12-04,2639.7933168587365,2665.701352623767,2503.1873100976673,2525.326904296875,164827200,7203.T
2023-12-11,2544.6400996352863,2577.1429072759447,2404.2656550422994,2449.9580078125,152298000,7203.T
2023-12-18,2440.5368295254125,2536.1610287907392,2350.565292285622,2370.349609375,166346700,7203.T
2023-12-25,2378.828637219377,2464.0896240187253,2368.93647852995,2440.536865234375,108076500,7203.T
2024-01-01,2440.5370703341896,2551.2350459235613,2423.1080273690545,2545.111328125,60328400,7203.T
2024-01-08,2545.11090365421,2716.1039182806167,2508.368602990684,2672.766845703125,147359600,7203.T
2024-01-15,2688.7828473819422,2812.1992990312183,2666.1721997515406,2790.53076171875,156247100,7203.T
2024-01-22,2793.356949630645,2858.36255823925,2721.2855139993653,2725.053955078125,159279700,7203.T
2024-01-29,2759.4414314788296,2826.331271572717,2758.499321054972,2780.638916015625,153455000,7203.T
2024-02-05,2822.0916611025427,3211.6543056913933,2780.6388041208997,3130.6328125,305212900,7203.T
2024-02-12,3171.143449136369,3263.470263757689,3156.069683483908,3216.36474609375,161779400,7203.T
2024-02-19,3216.364606723498,3325.6494029683504,3173.9696426629953,3317.17041015625,123218800,7203.T
2024-02-26,3344.491719784944,3475.4450575455376,3318.112630164105,3466.966064453125,156510900,7203.T
2024-03-04,3480.155828536184,3590.3827456825657,3386.886898643092,3401.0185546875,180394900,7203.T
2024-03-11,3297.3863794169292,3331.302353605218,3201.291119216779,3286.0810546875,163078900,7203.T
2024-03-18,3311.5179194300626,3664.8093048600126,3301.1547054574507,3647.851318359375,144374400,7203.T
2024-03-25,3627.1250227496134,3665.751548965908,3563.0615158542955,3579.077392578125,141271400,7203.T
2024-04-01,3623.2783958685927,3645.2029954752693,3401.1726694183476,3449.7880859375,160928900,7203.T
2024-04-08,3493.637329782071,3636.6238507827015,3471.712729895308,3590.8681640625,107406500,7203.T
2024-04-15,3547.0191939449796,3590.8683965575756,3291.549926549856,3357.32373046875,130082100,7203.T
2024-04-22,3374.4820713141025,3450.7415531517095,3305.8485376602566,3345.884765625,135863700,7203.T
2024-04-29,3345.8848928426505,3487.9181831656006,3345.8848928426505,3413.565185546875,82700000,7203.T
2024-05-06,3479.3389277771444,3502.2167727817064,3227.682632726962,3264.859130859375,185475700,7203.T
2024-05-13,3257.2330997276085,3295.362840432643,3163.815235000273,3275.3447265625,136667600,7203.T
2024-05-20,3277.251182495441,3316.3341663471897,3154.2827698887186,3234.355224609375,96086300,7203.T
2024-05-27,3259.139584477107,3290.5966205366985,3152.3763105778858,3241.981201171875,107151800,7203.T
2024-06-03,3242.934277252738,3267.7186074139872,3044.659635962741,3068.49072265625,143215400,7203.T
2024-06-10,3084.696110109616,3151.4231582269435,2912.1590285490965,2970.306884765625,121602800,7203.T
2024-06-17,2913.1123675890535,2989.371853651594,2869.2631631030927,2930.270751953125,113692800,7203.T
2024-06-24,2976.9794766782625,3161.90871730445,2968.400285102821,3136.171142578125,191209400,7203.T
2024-07-01,3169.5346465632297,3240.074665764938,3108.5270623887795,3163.815185546875,125036800,7203.T
2024-07-08,3163.8151465470132,3170.4878509838404,3080.8829628321623,3120.919189453125,115679800,7203.T
2024-07-15,3139.983913680977,3151.422835042292,2964.587119474146,2986.51171875,76979100,7203.T
2024-07-22,2959.821078240482,3025.5948799791595,2772.032108059041,2772.9853515625,135420200,7203.T
2024-07-29,2819.6940782912234,2882.6081449468084,2419.3318359375,2464.13427734375,247016000,7203.T
2024-08-05,2335.4465853230336,2471.760406425562,2080.9305696980337,2333.0634765625,300007500,7203.T
2024-08-12,2333.0634413357966,2619.9897317717823,2333.0634413357966,2616.1767578125,139224900,7203.T
2024-08-19,2602.354810061871,2613.793732303901,2514.179784446221,2556.59912109375,112165700,7203.T
2024-08-26,2512.749773863585,2656.212915353141,2455.555165960772,2630.475341796875,169779200,7203.T
2024-09-02,2659.0728794507804,2689.57667301322,2432.67753660455,2461.75146484375,136521100,7203.T
2024-09-09,2381.2026112605017,2418.379113197715,2279.682163662726,2340.213134765625,148934800,7203.T
2024-09-16,2322.5776792626175,2543.253539204869,2256.803880834905,2510.84326171875,142705200,7203.T
2024-09-23,2537.057926633413,2647.634187948264,2486.059392320098,2622.849853515625,132799200,7203.T
2024-09-30,2515.8188461457125,2563.223238939844,2443.2611020730615,2501.791015625,174878600,7203.T
2024-10-07,2572.414111099422,2575.800139451753,2462.61004881669,2478.57275390625,125196500,7203.T
2024-10-14,2507.5958282321253,2514.3678848670115,2430.6846135930614,2469.382080078125,86477200,7203.T
2024-10-21,2466.963403847925,2492.600474515364,2445.1960796963253,2462.126220703125,40066400,7203.T
2018-06-18,1018.3311754014163,1062.606469218982,1004.208960726848,1048.8658447265625,95004500,6758.T
2018-06-25,1058.7895428823194,1096.0036678651586,1025.3922512310535,1080.92724609375,184700000,6758.T
2018-07-02,1086.8433699021646,1097.339662324398,1015.2777397505733,1040.087158203125,165974500,6758.T
2018-07-09,1047.720956203854,1142.9510132051241,1044.476623935896,1140.8516845703125,193271500,6758.T
2018-07-16,1140.8514245374593,1164.1341304424086,1123.103173385832,1132.2635498046875,112656500,6758.T
2018-07-23,1118.3321102430418,1138.942985907052,1111.6526522467097,1138.561279296875,95863500,6758.T
2018-07-30,1130.1645110012805,1190.6613500019685,1100.9657557396529,1166.2335205078125,181585000,6758.T
2018-08-06,1162.6075377519849,1183.2184158940354,1152.874542184546,1154.782958984375,102044500,6758.T
2018-08-13,1149.2483455568724,1157.4545125392888,1108.789895771355,1152.6834716796875,130666500,6758.T
2018-08-20,1136.4622184822717,1155.54638671875,1134.3630065684667,1155.54638671875,92418000,6758.T
2018-08-27,1164.1342973452495,1225.585344206136,1161.2716720239086,1211.4630126953125,144284000,6758.T
2018-09-03,1214.3252729644362,1214.8977745604936,1171.9584076488766,1188.943359375,108781000,6758.T
2018-09-10,1211.8446057810145,1267.3794852175145,1190.8520220588236,1265.2802734375,161926000,6758.T
2018-09-17,1265.2801932211578,1292.5705270337485,1226.3484483759974,1229.78369140625,162269000,6758.T
2018-09-24,1229.7838139036821,1330.738991207764,1229.7838139036821,1329.403076171875,177762000,6758.T
2018-10-01,1317.8680972483655,1327.6229522867582,1246.1408786027723,1261.6339111328125,193369500,6758.T
2018-10-08,1261.6341297136953,1268.711239861556,1176.5178155076696,1196.9840087890625,186223000,6758.T
2018-10-15,1195.6449632524455,1255.1308112691925,1185.3163130078426,1212.8594970703125,160363000,6758.T
2018-10-22,1193.9235971672406,1214.5810146984452,1103.0691118157822,1115.8843994140625,202015000,6758.T
2018-10-29,1135.011677138712,1215.3461706987634,1082.9855055796866,1183.9774169921875,244441500,6758.T
2018-11-05,1162.7460492609223,1204.63467382929,1142.2798600503509,1195.071044921875,155227000,6758.T
2018-11-12,1179.1955469865582,1180.3431358579908,1086.6195644024492,1088.341064453125,159893000,6758.T
2018-11-19,1085.8545440693365,1127.3607204912103,1055.4421547975764,1088.341064453125,107492500,6758.T
2018-11-26,1092.1665456826597,1155.0952777617874,1076.8647376871058,1135.58544921875,132463500,6758.T
2018-12-03,1164.8499740035436,1181.681937142905,1088.914738884823,1125.830322265625,149691500,6758.T
2018-12-10,1095.035445215761,1148.974332416139,1087.1933166723186,1119.90087890625,141075500,6758.T
2018-12-17,1115.8840333051728,1123.9173865057726,973.385934134182,1012.5968627929688,188256000,6758.T
2018-12-24,1012.5968405752692,1033.4454767121538,954.2586593979422,1018.7174682617188,143626000,6758.T
2018-12-31,1018.7178055200127,1018.7178055200127,961.1448004867735,991.1746215820312,45200000,6758.T
2019-01-07,1033.4457302450278,1048.5563108187825,999.0166657166415,1017.5701293945312,149589000,6758.T
2019-01-14,1017.5701861544076,1048.1738007755928,1013.7447343267595,1038.4189453125,98384500,6758.T
2019-01-21,1053.7208198468063,1056.2073403447039,997.4866276954231,1018.3353881835938,116298500,6758.T
2019-01-28,1025.4123924866444,1065.0058452162689,1009.9193581219597,1051.80810546875,128134000,6758.T
2019-02-04,975.2990127024482,983.7149957471728,899.746332837997,938.3834228515625,418084500,6758.T
2019-02-11,938.3833958148772,968.9870120934104,921.5513718386246,965.1615600585938,216429000,6758.T
2019-02-18,967.4568672540719,1024.838651987333,958.2758050454581,1016.2313842773438,228655500,6758.T
2019-02-25,1022.3519469698083,1039.9490477967577,1014.892269602275,1016.61376953125,172546000,6758.T
2019-03-04,1032.6808103879184,1034.5935363810477,967.8393525234234,968.4131469726562,182537500,6758.T
2019-03-11,959.2319321061082,999.3991715362743,948.9032250698451,979.124267578125,139868000,6758.T
2019-03-18,977.9767532989765,986.5840200600063,895.1557431471057,900.70263671875,199219500,6758.T
2019-03-25,870.2902257814603,915.4305656501909,862.065528315086,888.4611206054688,188502500,6758.T
2019-04-01,904.8984642810582,925.4512065293655,894.1418587676158,925.0670776367188,172512500,6758.T
2019-04-08,936.7840495805591,1003.4365350063713,915.6550270514151,999.0185546875,228399500,6758.T
2019-04-15,1013.2328317863689,1040.316354423446,1001.8999437396026,1023.9893798828125,157865000,6758.T
2019-04-22,1016.1140910053832,1032.249030838877,984.4205513048373,1001.1317138671875,143044000,6758.T
2019-04-29,1001.1317138671875,1001.1317138671875,1001.1317138671875,1001.1317138671875,0,6758.T
2019-05-06,1001.131511979663,1070.0888868372494,1001.131511979663,1038.779541015625,242047500,6758.T
2019-05-13,1027.4467877832005,1144.0404819383966,998.0581444781211,1133.283935546875,263794500,6758.T
2019-05-20,1115.0359322846825,1129.2500461890127,1007.8542072025002,1029.5594482421875,265954000,6758.T
2019-05-27,1028.5992842969213,1054.5303586909613,1002.8602450404022,1009.7752685546875,154993500,6758.T
2019-06-03,990.5671033688985,1012.464385578427,973.8559424474338,1004.3970336914062,147388500,6758.T
2019-06-10,1017.6504915491198,1065.6709952767826,1012.0801834592456,1056.06689453125,151392000,6758.T
2019-06-17,1074.1228466304583,1125.216625015588,1064.1345565868207,1084.87939453125,201951000,6758.T
2019-06-24,1096.7885050741418,1106.7767951177796,1072.0098737387311,1084.87939453125,155498500,6758.T
2019-07-01,1114.0756384585084,1147.882024730504,1099.0932653888183,1142.887939453125,130124500,6758.T
2019-07-08,1152.4923511822901,1165.9380952794168,1127.5216835733404,1161.9044189453125,137389000,6758.T
2019-07-15,1161.9042569722267,1161.9042569722267,1100.0538193000712,1121.3748779296875,147954000,6758.T
2019-07-22,1111.1945157073333,1151.5317409966228,1108.5053204596882,1144.4246826171875,121261000,6758.T
2019-07-29,1136.3570262781197,1199.552049013902,1121.7588416719275,1140.967041015625,216344000,6758.T
2019-08-05,1121.7590224074543,1155.1813415454415,1072.0097311967556,1147.305908203125,189407500,6758.T
2019-08-12,1147.3062009633124,1158.8311253672384,1103.5115116759125,1117.1492919921875,93461000,6758.T
2019-08-19,1133.47604197456,1161.5200894353804,1120.9907096958746,1133.8602294921875,124370500,6758.T
2019-08-26,1113.691394122756,1160.75148334399,1106.3923016910535,1160.5594482421875,109910500,6758.T
2019-09-02,1157.4862780438607,1233.7428682024163,1155.9496452352325,1221.6417236328125,130459000,6758.T
2019-09-09,1228.9409290874505,1261.0186547971327,1221.6418346549526,1255.640380859375,160780500,6758.T
2019-09-16,1255.6402727024965,1265.8205970002043,1211.0772176155217,1231.4378662109375,117355000,6758.T
2019-09-23,1231.4379766726283,1266.3969332490342,1197.8236178948493,1220.2972412109375,108330000,6758.T
2019-09-30,1223.5205205793065,1232.5765227561192,1168.799240806773,1197.5086669921875,116542500,6758.T
2019-10-07,1204.2526563518884,1206.7574783565408,1172.0750018536064,1200.3990478515625,97419500,6758.T
2019-10-14,1200.3992463781613,1263.4057792993121,1200.3992463781613,1242.5963134765625,103730500,6758.T
2019-10-21,1247.99098848112,1248.7616395281943,1210.4183100547946,1216.5841064453125,79940500,6758.T
2019-10-28,1230.8425569782517,1289.9954722040616,1219.8597490042737,1275.351806640625,177068000,6758.T
2019-11-04,1275.351803263346,1299.0514724479278,1254.5422229034202,1265.3323974609375,108475500,6758.T
2019-11-11,1284.0222925142505,1320.8242035891867,1278.0491292740558,1295.9683837890625,119261500,6758.T
2019-11-18,1303.4827835391663,1320.6313845691866,1263.5979209657505,1288.260986328125,118715500,6758.T
2019-11-25,1292.50019330276,1354.1579257689887,1285.563745441426,1330.265625,148734500,6758.T
2019-12-02,1344.9093803213084,1382.867447956954,1334.3119568374013,1361.865234375,157464500,6758.T
2019-12-09,1374.1965630247676,1440.4785465278026,1373.0404101247636,1434.1201171875,169451500,6758.T
2019-12-16,1428.5328776744757,1446.0667512683167,1404.6404552626286,1411.576904296875,126369000,6758.T
2019-12-23,1426.0277286739358,1441.6349131165634,1419.091280656853,1435.4691162109375,68978500,6758.T
2019-12-30,1429.8813182760357,1430.266702628104,1416.9718245026913,1426.0277099609375,22561000,6758.T
2020-01-06,1412.5402207929458,1525.2582751761033,1411.3841852250093,1511.192626953125,227179500,6758.T
2020-01-13,1511.1924981633274,1563.2162111372722,1511.1924981633274,1526.7996826171875,190386000,6758.T
2020-01-20,1539.901857527387,1543.9480990891423,1518.8996458332754,1529.6898193359375,110590500,6758.T
2020-01-27,1502.522101771377,1528.5339621092087,1464.564030202275,1487.107666015625,149054500,6758.T
2020-02-03,1455.1226251375474,1524.2948286728608,1453.7738386123103,1507.9169921875,217617500,6758.T
2020-02-10,1485.9515913320847,1495.5856134262986,1461.4811516922202,1468.6103515625,104329000,6758.T
2020-02-17,1448.1860887815606,1464.949309989265,1394.8137028714027,1441.0570068359375,144283000,6758.T
2020-02-24,1441.0565993144762,1441.0565993144762,1266.2954723159244,1273.8099365234375,194603000,6758.T
2020-03-02,1271.4981696638756,1358.9750119178855,1269.9566321840036,1291.7296142578125,209346000,6758.T
2020-03-09,1237.7789522566948,1250.303178414698,1020.6281151966049,1119.665771484375,411666500,6758.T
2020-03-16,1117.546281817495,1209.0694686904794,1059.549530440147,1142.402099609375,357980500,6758.T
2020-03-23,1116.3904898188823,1288.646728515625,1102.1320905572643,1288.646728515625,291497500,6758.T
2020-03-30,1250.110682630846,1265.7178689752477,1187.1041546541328,1206.1795654296875,238841000,6758.T
2020-04-06,1221.1490507798082,1315.7232375938383,1212.6392544084404,1290.0006103515625,192967500,6758.T
2020-04-13,1274.721672574179,1350.9226540351601,1251.9000965872644,1347.8282470703125,154492000,6758.T
2020-04-20,1347.4413654539367,1358.4653816686284,1272.0140476242252,1296.9630126953125,120100500,6758.T
2020-04-27,1311.854847321473,1355.5640735113366,1295.4155632246022,1316.3031005859375,107831500,6758.T
2020-05-04,1316.3032992009084,1347.4413128385909,1298.896995766047,1343.7666015625,52514000,6758.T
2020-05-11,1356.1445545031806,1379.3529606223085,1313.7891661181493,1327.7142333984375,161869500,6758.T
2020-05-18,1315.1428126258518,1353.8234835854355,1287.2926823173354,1309.9208984375,194348500,6758.T
2020-05-25,1329.2612377322855,1349.1817597248353,1290.0003802044366,1329.4547119140625,179112500,6758.T
2020-06-01,1336.4174299973708,1418.420514887772,1325.7802435067983,1407.9766845703125,184650500,6758.T
2020-06-08,1426.7367034942645,1480.3094613213573,1392.6976390850987,1431.9586181640625,168018000,6758.T
2020-06-15,1412.8114290332817,1494.0408335772895,1409.9103788709956,1472.186279296875,152571000,6758.T
2020-06-22,1483.403687598069,1490.1728048165737,1449.3647453740589,1454.1998291015625,109904500,6758.T
2020-06-29,1452.4593538025529,1465.4174036037432,1412.0380009997477,1452.6527099609375,106379000,6758.T
2020-07-06,1459.8086170864824,1531.56133837634,1436.987042973771,1504.67822265625,135908500,6758.T
2020-07-13,1544.7126553213973,1609.5027807281479,1529.0469123816977,1569.46826171875,175096000,6758.T
2020-07-20,1577.5913172615085,1632.9046340238656,1567.3409622306722,1597.5118408203125,66871500,6758.T
2020-07-27,1556.8970968093486,1606.2149551554833,1556.8970968093486,1561.925537109375,104614500,6758.T
2020-08-03,1587.0681867793508,1709.2991540740138,1578.7518645361197,1648.763916015625,179722500,6758.T
2020-08-10,1648.7637777792143,1723.224077420856,1629.616796368028,1716.6483154296875,110113000,6758.T
2020-08-17,1712.0066550149775,1725.1580605674442,1598.0920228563014,1602.153564453125,145719500,6758.T
2020-08-24,1605.2481948926254,1678.5481295637821,1590.356109716736,1601.380126953125,119450500,6758.T
2020-08-31,1624.9751556558836,1642.9616456486417,1592.0965824057046,1602.9271240234375,105302500,6758.T
2020-09-07,1589.775589534511,1621.493787200261,1549.5477150139786,1588.034912109375,118479000,6758.T
2020-09-14,1590.9360171682763,1615.1114375485627,1541.811633781961,1609.6961669921875,164006000,6758.T
2020-09-21,1609.696438507193,1614.5315233988067,1566.5675048828125,1566.5675048828125,94295500,6758.T
2020-09-28,1572.3692646692407,1594.4172941958714,1491.1398561623425,1499.4561767578125,120523000,6758.T
2020-10-05,1517.4392438534421,1538.1968738448397,1499.3976097136135,1525.1990966796875,117060500,6758.T
2020-10-12,1515.111491716743,1536.0630738108885,1467.3884370353023,1474.9542236328125,111148500,6758.T
2020-10-19,1487.175907627072,1558.3725886890556,1483.4900481795507,1517.0513916015625,99200500,6758.T
2020-10-26,1530.6310704260118,1712.4056584911305,1528.6911070921385,1682.7242431640625,220123500,6758.T
2020-11-02,1706.7796854430726,1804.165866657839,1692.811926020013,1774.096435546875,161851500,6758.T
2020-11-09,1794.4660431560321,1851.6949602080354,1716.8675115600956,1809.209716796875,180142500,6758.T
2020-11-16,1814.2538708192903,1841.2192921572496,1763.426803944107,1791.5562744140625,133625500,6758.T
2020-11-23,1791.5562711849436,1912.8039885093172,1791.5562711849436,1903.4921875,163375000,6758.T
2020-11-30,1901.1640843547511,1925.413626247031,1854.9929802730433,1892.822265625,155024000,6758.T
2020-12-07,1905.044177925222,1922.503849617001,1859.2610861847254,1912.416015625,99208500,6758.T
2020-12-14,1906.0138338220115,2046.661165070964,1880.0182797184432,1989.4322509765625,131977500,6758.T
2020-12-21,2009.8022435157427,2048.601514626085,1928.7117905763225,1930.845703125,74142500,6758.T
2020-12-28,1930.2634285651889,2032.1114989166185,1925.801536783366,1995.252197265625,53067500,6758.T
2021-01-04,2027.2618654850094,2078.6708984375,1998.162412870392,2078.6708984375,116865500,6758.T
2021-01-11,2078.6707505890818,2106.80021944913,2029.20168466279,2048.601318359375,95531000,6758.T
2021-01-18,2040.841273649958,2084.4904453772624,2011.7418258317555,2033.0814208984375,71603500,6758.T
2021-01-25,2029.2015799906717,2035.0214697994404,1923.473581798041,1949.6630859375,125437000,6758.T
2021-02-01,1939.575156688726,2433.683800534168,1936.083246658509,2415.254150390625,224552000,6758.T
2021-02-08,2369.665115015071,2422.044122878687,2251.327356508383,2297.886474609375,129799500,6758.T
2021-02-15,2326.986150095167,2412.3445415951146,2289.1568629531444,2321.166259765625,104203000,6758.T
2021-02-22,2367.725014556226,2371.6049408398085,2157.239013671875,2157.239013671875,101693500,6758.T
2021-03-01,2197.978524332646,2260.0573529104436,2084.49066583886,2175.6689453125,120416000,6758.T
2021-03-08,2204.768142578987,2210.5880320886545,2052.4810337426907,2197.978271484375,133381500,6758.T
2021-03-15,2215.438179917379,2291.096751735923,2185.3687475279576,2241.627685546875,95058000,6758.T
2021-03-22,2225.138016420939,2285.2768817296133,2139.779626950563,2218.34814453125,92596000,6758.T
2021-03-29,2265.8772733094265,2366.75537109375,2213.498260998335,2366.75537109375,126771500,6758.T
2021-04-05,2398.159017792122,2414.6913386771453,2310.634966047884,2378.709228515625,104095000,6758.T
2021-04-12,2372.8734300626033,2405.938059825771,2337.863822078073,2349.53369140625,75504000,6758.T
2021-04-19,2343.6987912977065,2352.4511934228844,2229.9175636703903,2302.854248046875,89761000,6758.T
2021-04-26,2301.88183996918,2316.469177358085,2120.0263671875,2120.0263671875,120030500,6758.T
2021-05-03,2120.0265301810978,2139.476314861658,2034.4474775866313,2036.3924560546875,79014500,6758.T
2021-05-10,2066.5394901937843,2125.861329676994,1942.838915018537,1988.7403564453125,143884500,6758.T
2021-05-17,2041.254786606016,2057.787102648085,1962.4831631114532,2047.0897216796875,93824500,6758.T
2021-05-24,2037.3649242474148,2147.256206557657,2027.6400320075704,2133.641357421875,106663500,6758.T
2021-05-31,2145.3112672239868,2157.953627366286,2084.044444995922,2123.91650390625,70206500,6758.T
2021-06-07,2145.310967489281,2149.2009239126523,2073.346773656912,2112.246337890625,84806000,6758.T
2021-06-14,2112.2465164620535,2156.0085299246653,2025.6949787248884,2042.227294921875,88571500,6758.T
2021-06-21,2044.1722496489774,2120.9988946167555,2035.4198470577116,2110.301513671875,80711500,6758.T
2021-06-28,2100.5768694196427,2213.385627221809,2090.851976505663,2205.605712890625,91174500,6758.T
2021-07-05,2202.6882499787994,2225.0555037313434,2111.274256381445,2150.173828125,81415500,6758.T
2021-07-12,2182.265404387046,2285.349242562192,2169.623046875,2169.623046875,100446000,6758.T
2021-07-19,2141.4212973908184,2162.816060580009,2064.5946477569064,2120.9990234375,49868500,6758.T
2021-07-26,2178.3754807692308,2262.9820284598213,2128.778539019574,2212.41259765625,92656000,6758.T
2021-08-02,2212.4131881981566,2248.3952927974233,2135.5865324321544,2217.275634765625,81214500,6758.T
2021-08-09,2217.275600544391,2217.275600544391,2138.5039673671563,2171.568603515625,52660500,6758.T
2021-08-16,2157.9531060342733,2164.7605290817,2050.9793152889965,2065.566650390625,69088000,6758.T
2021-08-23,2090.8517322896955,2247.4224899169703,2089.8792431118864,2184.210693359375,79531500,6758.T
2021-08-30,2193.9358082780936,2333.974264125631,2168.651087083399,2310.634521484375,81632000,6758.T
2021-09-06,2326.194244546894,2391.3510231357914,2292.15712140344,2379.68115234375,98756000,6758.T
2021-09-13,2334.946158715394,2405.9378578350206,2333.9736696863583,2395.240478515625,81968000,6758.T
2021-09-20,2395.2409032264122,2528.471923828125,2339.8090187424878,2528.471923828125,76569500,6758.T
2021-09-27,2565.426189935548,2567.3711680931942,2341.7537018062167,2350.506103515625,103060000,6758.T
2021-10-04,2380.345715270276,2395.9417559927674,2244.8551114936304,2312.113037109375,78017000,6758.T
2021-10-11,2357.926451737054,2524.609140140128,2337.45664789808,2512.912109375,79931000,6758.T
2021-10-18,2493.4170087620096,2526.5585952740926,2459.300669705454,2498.290771484375,65785500,6758.T
2021-10-25,2509.9877739242947,2631.831840619649,2492.442228320164,2561.649658203125,104311000,6758.T
2021-11-01,2709.81225246974,2752.701367257031,2679.5949215968762,2738.080078125,85660000,6758.T
2021-11-08,2750.7516087747917,2777.069926789292,2661.07437702168,2721.509033203125,63101500,6758.T
2021-11-15,2742.953553543809,2851.151081775281,2730.281770958141,2796.56494140625,75005500,6758.T
2021-11-22,2776.0949426841257,2809.236525567293,2711.761281793272,2726.382568359375,61433500,6758.T
2021-11-29,2674.720871242089,2767.322359131301,2625.9832460372404,2695.190673828125,110183000,6758.T
2021-12-06,2686.418076826672,2802.413632393571,2650.3522318184764,2703.963623046875,80825500,6758.T
2021-12-13,2741.0045542362363,2773.1713928883687,2672.771866186259,2700.06494140625,72177000,6758.T
2021-12-20,2670.821819773235,2801.4386532949916,2613.311422924103,2781.943603515625,59859000,6758.T
2021-12-27,2775.120568025421,2874.5453302096826,2771.221557743685,2821.90869140625,47941500,6758.T
2022-01-03,2821.9087825811876,3065.5969330631556,2776.0954102905775,2834.58056640625,151079000,6758.T
2022-01-10,2834.580332760747,2865.772413451374,2729.30706042988,2766.34765625,76675000,6758.T
2022-01-17,2771.221103587237,2810.211200014775,2417.385978507333,2525.58349609375,185352000,6758.T
2022-01-24,2449.5526490704497,2508.037789915745,2263.3749507129264,2385.218994140625,165087500,6758.T
2022-01-31,2388.143310546875,2617.210117885045,2361.824996512277,2456.3759765625,161441000,6758.T
2022-02-07,2495.366102683781,2519.734912280302,2430.057692965104,2506.08837890625,84666000,6758.T
2022-02-14,2440.7805714609212,2459.300871324243,2311.1384724176696,2354.027587890625,94556000,6758.T
2022-02-21,2300.415729519475,2335.5068169189244,2210.738506165326,2302.365234375,88355500,6758.T
2022-02-28,2293.592665681098,2315.0372209913335,2180.5213740453105,2219.511474609375,99612000,6758.T
2022-03-07,2144.455803765191,2323.810289171007,2130.8092668321397,2245.830078125,122124000,6758.T
2022-03-14,2232.1830435739435,2445.6538237235914,2166.874631382042,2422.259765625,109090000,6758.T
2022-03-21,2422.259673894217,2554.8259980992925,2409.587892904026,2506.08837890625,80368000,6758.T
2022-03-28,2495.366370710295,2544.103995138231,2431.0327064654207,2442.729736328125,94987000,6758.T
2022-04-04,2470.85258751025,2507.9935678604834,2339.881762064691,2383.864501953125,83450500,6758.T
2022-04-11,2332.062275342733,2339.8814279842845,2164.92788762957,2192.294921875,107963500,6758.T
2022-04-18,2175.6796368538066,2268.5320921552943,2159.063934326172,2205.00146484375,80934500,6758.T
2022-04-25,2159.0636658694016,2203.046402385528,2107.261776194853,2193.2724609375,89430000,6758.T
2022-05-02,2287.1025408204882,2288.079935068702,2139.516009340192,2171.77001953125,37740500,6758.T
2022-05-09,2130.7191766962274,2192.295006114513,1997.7935766821508,2169.81494140625,128376000,6758.T
2022-05-16,2207.933423010439,2265.599678857104,2179.588992170553,2252.8935546875,83983000,6758.T
2022-05-23,2285.1475947073304,2286.1249888881293,2181.5438115426696,2233.345703125,80051500,6758.T
2022-05-30,2287.1023789702867,2427.8471407530737,2279.28322553791,2384.841796875,126697000,6758.T
2022-06-06,2336.9496485622876,2427.8473136882985,2327.1757060756195,2371.158447265625,76851500,6758.T
2022-06-13,2298.830876616139,2301.763058856721,2124.8547303416185,2192.294921875,112213000,6758.T
2022-06-20,2239.2103739149306,2268.532203342014,2144.403125434028,2199.13720703125,83192000,6758.T
2022-06-27,2229.4361283181443,2267.554501402058,2095.533125433626,2113.126220703125,113416000,6758.T
2022-07-04,2154.176718381982,2219.6621267901455,2111.17137554677,2178.611572265625,94645500,6758.T
2022-07-11,2236.2776086986837,2253.8707017741103,2154.1765076800257,2190.340087890625,68187500,6758.T
2022-07-18,2190.3404074559835,2359.4296044617336,2190.3404074559835,2350.633056640625,71346000,6758.T
2022-07-25,2316.4239723756814,2325.2205191062217,2263.644691992438,2286.124755859375,71919500,6758.T
2022-08-01,2169.815048589939,2300.7858668381605,2126.809705284553,2284.170166015625,139470000,6758.T
2022-08-08,2259.735237750982,2295.8988207080697,2188.385465970782,2239.2099609375,62079500,6758.T
2022-08-15,2247.0288112386065,2350.6325754801433,2238.2322652180987,2345.74560546875,74493500,6758.T
2022-08-22,2316.4242307131026,2340.8590854674603,2214.775234934975,2249.96142578125,61037000,6758.T
2022-08-29,2171.7694497949938,2224.548725352568,2118.0127802456127,2126.809326171875,93364000,6758.T
2022-09-05,2122.9000016435834,2132.6739427192906,2035.9119260697903,2090.64599609375,82818500,6758.T
2022-09-12,2112.1489596701263,2114.1037481566327,2018.3191123178208,2034.934814453125,83337000,6758.T
2022-09-19,2034.9346034060404,2054.4824862437545,1949.901313061984,1968.4718017578125,58063500,6758.T
2022-09-26,1902.2043851134076,1912.7602893142725,1804.6605237036904,1815.21630859375,162129500,6758.T
2022-10-03,1814.822814770422,1967.856522394306,1807.5634995615037,1940.5850830078125,137632500,6758.T
2022-10-10,1940.584886925728,1940.584886925728,1815.0187805372682,1904.09228515625,95087000,6758.T
2022-10-17,1874.6628227472804,1940.9774020510902,1872.112285033514,1879.5677490234375,75346500,6758.T
2022-10-24,1906.2503962309995,1964.9133591980894,1886.042125023829,1920.5728759765625,84806000,6758.T
2022-10-31,1944.704878286864,2211.1404064142816,1938.8189677107835,2099.30810546875,121403500,6758.T
2022-11-07,2139.5286360369196,2285.695425018809,2111.0800663693035,2281.771484375,107121500,6758.T
2022-11-14,2276.8666716930916,2291.581449838458,2196.4258844984192,2201.330810546875,67479500,6758.T
2022-11-21,2234.6843623720365,2296.4864320952315,2205.254805360991,2275.8857421875,54806000,6758.T
2022-11-28,2272.942964448059,2279.809861621618,2175.825418707723,2193.483154296875,81122500,6758.T
2022-12-05,2206.2360274807015,2213.1029248539185,2067.9170946773315,2140.510009765625,80462000,6758.T
2022-12-12,2128.738008883075,2190.540080108713,2122.8520973377763,2129.718994140625,73558000,6758.T
2022-12-19,2102.2511877920115,2115.9849799661074,1977.666073069853,2001.209716796875,80492000,6758.T
2022-12-26,1997.2859746745767,2024.753561752616,1960.7933711705662,1968.83740234375,45141500,6758.T
2023-01-02,1968.8374319574223,2097.3465020054655,1968.8374319574223,2086.5556640625,62352500,6758.T
2023-01-09,2086.5555141047153,2220.950486099236,2086.5555141047153,2151.300537109375,77732500,6758.T
2023-01-16,2140.509530028229,2250.3798633752326,2126.7757383598537,2242.531982421875,79336500,6758.T
2023-01-23,2262.1517811559543,2292.562321145475,2240.5701076150044,2281.771484375,70409500,6758.T
2023-01-30,2292.562523413486,2393.60400390625,2220.950600345799,2393.60400390625,120336500,6758.T
2023-02-06,2413.223711330088,2420.090608069645,2317.0871569762876,2342.5927734375,80113500,6758.T
2023-02-13,2328.8588873567483,2355.345488013291,2252.342041015625,2252.342041015625,57842500,6758.T
2023-02-20,2235.665264389999,2255.2849683337463,2167.977285784071,2227.8173828125,58977500,6758.T
2023-02-27,2203.292899176795,2271.961867539384,2200.3499433898264,2265.094970703125,60047500,6758.T
2023-03-06,2295.50537109375,2378.88911320613,2286.676504281851,2295.50537109375,88480000,6758.T
2023-03-13,2261.170795995002,2284.714439857857,2168.958190865488,2281.771484375,85481000,6758.T
2023-03-20,2279.809711385565,2306.2963130238654,2255.2850802389903,2274.90478515625,66621000,6758.T
2023-03-27,2255.285076906843,2357.3075423258565,2206.235814686164,2351.421630859375,89673500,6758.T
2023-04-03,2380.3054438943395,2381.2898547478935,2262.1761414678213,2285.802001953125,73364500,6758.T
2023-04-10,2294.6613035698156,2384.24267578125,2291.7080715188895,2384.24267578125,66672500,6758.T
2023-04-17,2379.3207995893513,2436.4166234934396,2361.601405963944,2419.681640625,63722500,6758.T
2023-04-24,2407.8687539580083,2526.9824576493083,2376.367609180144,2525.998046875,80589500,6758.T
2023-05-01,2421.6503091477953,2518.1225572357966,2404.915327336611,2477.76171875,58206500,6758.T
2023-05-08,2441.338356746381,2524.0288494748875,2426.5721973305763,2516.153564453125,83412000,6758.T
2023-05-15,2525.0135732486547,2724.8489554589773,2508.2785905019778,2675.62841796875,109996000,6758.T
2023-05-22,2642.1583518197017,2679.5659588871936,2556.514619849391,2631.329833984375,90791000,6758.T
2023-05-29,2671.690816889126,2671.690816889126,2574.234151129353,2667.753173828125,77823500,6758.T
2023-06-05,2701.2232944280554,2761.272354544714,2607.7042663775214,2690.394775390625,102663500,6758.T
2023-06-12,2720.911526913821,2776.0385332478204,2685.472737127679,2710.0830078125,93711500,6758.T
2023-06-19,2728.7866263360334,2728.7866263360334,2546.6706357616586,2567.34326171875,89842500,6758.T
2023-06-26,2579.156239454782,2611.6417951425715,2499.418966402936,2552.5771484375,80116500,6758.T
2023-07-03,2618.532627550101,2636.252021270365,2558.4835710536513,2560.452392578125,74361000,6758.T
2023-07-10,2542.732987837358,2580.1405966402303,2427.5569291548295,2533.873291015625,92275000,6758.T
2023-07-17,2533.8730090857916,2628.3764313360775,2533.8730090857916,2582.109130859375,52927500,6758.T
2023-07-24,2613.61056743224,2651.018176306976,2512.216259166507,2567.34326171875,72275000,6758.T
2023-07-31,2608.688355672751,2653.9712478844294,2528.951088952188,2544.70166015625,75460000,6758.T
2023-08-07,2524.0289179858487,2568.327397435678,2385.2270157097155,2473.823974609375,69170500,6758.T
2023-08-14,2444.291671238588,2459.057831153441,2341.912962495611,2365.538818359375,90543500,6758.T
2023-08-21,2362.585716826518,2379.3206989873725,2314.349591774643,2335.022216796875,71722000,6758.T
2023-08-28,2339.9440969582047,2473.823944323083,2339.9440969582047,2467.91748046875,96221500,6758.T
2023-09-04,2477.7617536695075,2512.2161284722224,2431.494450363005,2436.41650390625,84030000,6758.T
2023-09-11,2454.135841316524,2555.5301420207365,2438.3852703333455,2545.68603515625,75006500,6758.T
2023-09-18,2545.685864658043,2547.654685899078,2386.2113441342212,2401.9619140625,66336000,6758.T
2023-09-25,2424.603808533912,2450.1984894197753,2391.1338412216287,2409.837646484375,76987500,6758.T
2023-10-02,2446.2733767635477,2462.0749003922183,2371.216139527363,2421.58349609375,74149000,6758.T
2023-10-09,2421.583629848614,2588.487232395276,2421.583629848614,2538.119873046875,66048000,6758.T
2023-10-16,2504.54144265233,2558.8591789874554,2456.1492775537636,2479.8515625,57486500,6758.T
2023-10-23,2461.0873858259847,2517.380315598088,2381.092169834049,2393.930908203125,66130500,6758.T
2023-10-30,2380.1046280322835,2566.7601362057694,2379.117032750942,2538.119873046875,66004500,6758.T
2023-11-06,2555.896450116254,2635.8916635858895,2493.677950750982,2561.822021484375,108566500,6758.T
2023-11-13,2573.673073966493,2623.0528336358425,2481.826720981503,2584.53662109375,84500000,6758.T
2023-11-20,2567.7477314871107,2582.561660707229,2531.2067060774866,2538.119873046875,47475000,6758.T
2023-11-27,2544.045184441333,2575.64823021079,2492.6902350659643,2512.442138671875,63759000,6758.T
2023-12-04,2488.739878774716,2599.3505400535923,2455.161642315057,2522.318115234375,86286500,6758.T
2023-12-11,2546.0204944774714,2655.643564643103,2520.343018582819,2639.842041015625,81766500,6758.T
2023-12-18,2604.28847494555,2617.1272122130104,2542.06997895709,2564.78466796875,66870500,6758.T
2023-12-25,2589.474992244302,2676.3833825255756,2579.5990388032483,2648.730712890625,46436500,6758.T
2024-01-01,2648.7305004493523,2648.7305004493523,2566.7600934630373,2601.325927734375,30570000,6758.T
2024-01-08,2601.3258289893333,2879.827683118032,2601.3258289893333,2878.840087890625,93769000,6758.T
2024-01-15,2857.112968699575,2941.05856231847,2812.671183842513,2868.964111328125,75040500,6758.T
2024-01-22,2893.6539309691293,2945.996476478127,2766.254150390625,2766.254150390625,82802000,6758.T
2024-01-29,2813.658755076776,2903.5299192438474,2810.695969444894,2859.088134765625,80802000,6758.T
2024-02-05,2873.9023422064342,2887.7286764988366,2798.845098904823,2811.683837890625,73649000,6758.T
2024-02-12,2811.6835637646395,2919.3314416888916,2634.9040211183906,2661.569091796875,169648000,6758.T
2024-02-19,2661.569158380682,2678.358277376033,2567.747611053719,2628.978515625,99831000,6758.T
2024-02-26,2586.511826548755,2615.152087323827,2486.7647114355727,2610.214111328125,149194000,6758.T
2024-03-04,2615.152163797465,2617.127354253506,2528.2437837316884,2561.822021484375,99370000,6758.T
2024-03-11,2528.2441159586683,2589.475028142042,2482.814729500036,2580.586669921875,85421000,6758.T
2024-03-18,2588.4870343176403,2701.07288777518,2586.511843906105,2656.631103515625,74879500,6758.T
2024-03-25,2636.8792588139095,2636.8792588139095,2549.9708787481327,2561.822021484375,79452000,6758.T
2024-04-01,2588.4194943423563,2611.211855892844,2521.033381932218,2532.925048828125,80052500,6758.T
2024-04-08,2536.8888995398775,2602.2930664811397,2525.988205049667,2584.45556640625,61244000,6758.T
2024-04-15,2576.52760328337,2581.482464058915,2440.7644180334382,2483.376220703125,81705000,6758.T
2024-04-22,2497.250058884348,2561.6632548476346,2459.593113551965,2530.943115234375,73335000,6758.T
2024-04-29,2530.9430449458027,2601.3020724286343,2530.9430449458027,2588.41943359375,35963000,6758.T
2024-05-06,2588.4197046294566,2588.4197046294566,2286.173146470198,2320.857177734375,133215500,6758.T
2024-05-13,2332.7487817196447,2658.778666675364,2327.7939202461534,2596.347412109375,140200500,6758.T
2024-05-20,2592.383529675148,2612.2029756206766,2497.2501891366105,2507.159912109375,68022000,6758.T
2024-05-27,2493.286037011681,2564.6360348911885,2439.7735386020504,2555.71728515625,83959000,6758.T
2024-06-03,2566.61813405639,2715.2639719361036,2564.636189551327,2660.760498046875,89756000,6758.T
2024-06-10,2660.760181984501,2683.5525410852993,2581.482411199115,2583.46435546875,81650500,6758.T
2024-06-17,2541.8440107216043,2580.491931352459,2494.2773391759365,2538.87109375,93056000,6758.T
2024-06-24,2545.8077257441637,2744.0021769504046,2535.8980031838514,2703.372314453125,81259500,6758.T
2024-07-01,2734.092323649641,2777.6951008299907,2707.3360740162448,2771.749267578125,75836500,6758.T
2024-07-08,2773.731189799616,3069.040905612508,2748.956884781756,2999.6728515625,138665000,6758.T
2024-07-15,2999.673118170054,3023.4564531010355,2867.873803760864,2907.5126953125,62211000,6758.T
2024-07-22,2922.3771498964343,2930.3049278547833,2617.1576984999942,2620.130615234375,74905500,6758.T
2024-07-29,2665.715468941875,2723.1918619525172,2404.098783514122,2420.9453125,100879500,6758.T
2024-08-05,2342.6581512265466,2549.7713295710255,2190.048440867457,2442.746337890625,172249000,6758.T
2024-08-12,2442.7466426788087,2655.8056804783805,2442.7466426788087,2652.832763671875,73120500,6758.T
2024-08-19,2639.950097000839,2680.579959604831,2613.1938460177225,2657.78759765625,61461500,6758.T
2024-08-26,2631.0312246403223,2814.361083984375,2616.1666414502643,2814.361083984375,71578000,6758.T
2024-09-02,2818.3250935486926,2834.1806496305417,2589.410502616995,2615.17578125,71516000,6758.T
2024-09-09,2497.2499426208983,2689.4985493147296,2493.2860538230875,2597.338134765625,78939000,6758.T
2024-09-16,2597.338338079142,2687.5168152882993,2470.4938866201073,2648.868896484375,74820000,6758.T
2024-09-23,2648.8688463079725,2864.900798606939,2648.8688463079725,2835.171630859375,62674600,6758.T
2024-09-30,2714.8867168088746,2829.2500766744497,2678.58878085154,2751.681884765625,84454700,6758.T
2024-10-07,2834.22250100605,2903.33775146918,2775.549122915048,2799.416259765625,62069800,6758.T
2024-10-14,2814.333247136041,2826.7640476975957,2696.4892578125,2696.4892578125,42770200,6758.T
2024-10-21,2712.8979533920938,2723.3398260132876,2651.241181724092,2676.102783203125,18333100,6758.T
